"","VOTED98","CONTACT","AGE","MAJORPTY"
"1",0,0,51,1
"2",0,0,55,1
"3",0,0,35,1
"4",0,0,70,1
"5",0,0,27,1
"6",1,0,47,1
"7",1,1,71,1
"8",1,0,64,1
"9",0,0,29,1
"10",1,0,78,1
"11",1,0,47,1
"12",0,0,28,0
"13",0,0,26,1
"14",1,0,63,1
"15",0,0,32,1
"16",0,1,49,0
"17",0,0,50,1
"18",0,0,34,0
"19",0,0,39,1
"20",1,0,66,1
"21",1,0,49,0
"22",0,0,69,0
"23",1,0,61,1
"24",1,1,62,1
"25",0,0,30,1
"26",1,0,20,1
"27",0,0,40,1
"28",0,0,28,0
"29",1,0,70,1
"30",0,0,88,0
"31",0,0,92,1
"32",0,0,62,1
"33",1,0,50,1
"34",1,0,67,1
"35",1,0,21,1
"36",0,0,51,1
"37",0,0,36,0
"38",1,0,33,1
"39",1,0,61,1
"40",1,0,36,0
"41",1,0,76,1
"42",0,0,54,1
"43",0,0,30,0
"44",1,0,63,1
"45",1,0,35,1
"46",1,0,77,0
"47",1,0,77,1
"48",1,0,62,1
"49",0,0,18,0
"50",0,0,54,1
"51",0,0,35,0
"52",1,0,78,1
"53",1,0,63,1
"54",0,0,38,0
"55",0,0,31,1
"56",0,0,90,1
"57",0,0,35,1
"58",0,0,81,1
"59",0,0,33,0
"60",1,0,89,1
"61",1,0,89,1
"62",0,0,56,0
"63",1,0,33,1
"64",0,0,21,0
"65",1,0,41,0
"66",0,0,30,1
"67",1,0,37,1
"68",1,0,26,1
"69",1,0,38,1
"70",0,0,78,1
"71",0,0,27,1
"72",1,0,47,1
"73",1,0,61,1
"74",0,0,33,0
"75",1,0,41,1
"76",1,0,69,1
"77",0,0,81,1
"78",1,0,55,1
"79",0,0,21,0
"80",1,0,24,1
"81",0,0,52,1
"82",1,0,47,1
"83",1,0,71,1
"84",1,0,31,1
"85",1,1,69,1
"86",0,0,29,1
"87",1,0,48,1
"88",0,0,40,1
"89",0,0,48,0
"90",1,0,34,1
"91",0,0,34,1
"92",0,0,28,1
"93",1,0,70,1
"94",0,0,44,1
"95",0,0,23,0
"96",0,0,36,0
"97",0,0,45,0
"98",1,0,53,0
"99",0,0,42,1
"100",0,0,35,1
"101",0,0,28,0
"102",1,0,52,1
"103",1,0,53,1
"104",0,0,29,0
"105",0,0,68,1
"106",0,0,49,0
"107",0,0,52,1
"108",1,0,63,1
"109",0,0,61,0
"110",1,1,78,1
"111",0,0,49,1
"112",1,0,68,1
"113",0,0,34,0
"114",0,0,77,1
"115",0,0,28,1
"116",0,0,49,1
"117",0,0,22,1
"118",1,0,69,1
"119",0,0,25,1
"120",1,0,44,1
"121",0,0,34,1
"122",0,0,28,0
"123",0,0,23,1
"124",1,0,47,1
"125",1,0,48,1
"126",1,0,80,1
"127",0,0,40,1
"128",0,0,26,1
"129",0,1,56,1
"130",1,0,64,0
"131",0,0,33,1
"132",1,0,47,0
"133",1,0,60,1
"134",0,1,59,1
"135",1,0,36,0
"136",1,0,47,0
"137",1,0,42,1
"138",1,0,38,1
"139",1,0,79,1
"140",1,0,71,1
"141",0,0,42,1
"142",1,0,48,1
"143",1,0,50,1
"144",0,0,47,0
"145",1,0,74,1
"146",0,0,29,1
"147",0,0,40,1
"148",0,0,49,0
"149",1,0,77,1
"150",0,1,29,1
"151",0,0,93,1
"152",0,0,30,1
"153",0,0,77,1
"154",0,0,36,0
"155",0,0,47,1
"156",0,0,37,0
"157",1,1,28,1
"158",0,0,27,0
"159",1,0,27,0
"160",0,1,35,1
"161",1,0,28,1
"162",1,0,42,1
"163",0,0,86,1
"164",1,0,38,0
"165",1,0,64,1
"166",1,0,76,1
"167",1,0,60,1
"168",0,0,84,1
"169",0,0,29,1
"170",1,0,76,0
"171",1,0,54,0
"172",0,0,22,1
"173",1,1,73,1
"174",0,0,44,1
"175",1,0,41,1
"176",0,0,52,0
"177",1,0,75,0
"178",1,0,49,0
"179",0,1,78,1
"180",0,0,35,1
"181",0,0,68,1
"182",1,0,79,1
"183",1,0,59,1
"184",1,0,51,0
"185",1,0,35,1
"186",1,0,43,1
"187",1,0,42,1
"188",1,0,53,1
"189",0,0,34,1
"190",1,0,63,1
"191",1,0,40,1
"192",1,0,56,1
"193",0,0,93,1
"194",0,0,76,1
"195",1,1,63,1
"196",0,0,32,1
"197",1,0,60,1
"198",0,0,62,1
"199",1,0,58,1
"200",1,0,77,1
"201",1,0,45,1
"202",0,0,58,1
"203",0,0,51,1
"204",0,0,41,0
"205",0,0,45,1
"206",0,0,38,1
"207",0,0,50,1
"208",0,0,41,1
"209",1,0,74,0
"210",0,0,34,1
"211",1,0,58,1
"212",1,0,53,1
"213",1,0,41,0
"214",1,0,46,0
"215",1,0,76,1
"216",0,0,40,1
"217",0,0,25,1
"218",0,0,26,1
"219",1,0,31,1
"220",1,0,56,0
"221",1,0,46,1
"222",0,0,54,1
"223",0,0,44,1
"224",0,1,41,1
"225",0,0,56,0
"226",0,0,28,1
"227",0,0,41,1
"228",1,0,30,0
"229",0,0,28,1
"230",0,0,53,0
"231",1,1,79,1
"232",0,0,72,0
"233",1,0,43,1
"234",1,0,30,1
"235",1,0,82,1
"236",0,0,22,1
"237",0,0,93,1
"238",1,0,56,1
"239",0,0,27,1
"240",1,0,46,0
"241",0,0,40,1
"242",1,0,37,1
"243",1,0,50,1
"244",0,0,30,0
"245",1,0,25,1
"246",1,0,49,1
"247",1,0,82,1
"248",1,1,51,1
"249",0,1,34,1
"250",1,0,42,1
"251",0,0,29,1
"252",0,0,32,1
"253",1,0,24,1
"254",1,0,33,1
"255",0,0,33,0
"256",0,0,28,0
"257",0,0,26,1
"258",0,1,28,1
"259",1,0,51,0
"260",1,0,53,1
"261",1,0,45,1
"262",1,0,29,0
"263",1,0,42,1
"264",1,0,40,1
"265",1,0,25,1
"266",0,0,27,0
"267",0,0,88,1
"268",0,0,21,1
"269",0,0,43,1
"270",1,0,32,0
"271",0,0,53,1
"272",1,0,46,1
"273",1,0,75,1
"274",0,0,94,1
"275",1,0,55,1
"276",0,0,35,1
"277",0,0,25,1
"278",1,0,87,1
"279",0,0,45,0
"280",0,0,27,0
"281",0,0,61,1
"282",1,0,32,1
"283",1,0,69,1
"284",0,0,68,1
"285",1,0,44,1
"286",0,0,82,1
"287",0,0,73,1
"288",1,0,38,0
"289",1,0,74,1
"290",0,0,38,1
"291",1,0,54,0
"292",1,0,61,0
"293",1,0,50,1
"294",0,0,37,1
"295",1,0,35,0
"296",1,0,27,1
"297",1,0,58,1
"298",1,0,73,1
"299",0,0,29,1
"300",0,0,54,1
"301",1,0,38,1
"302",0,0,58,1
"303",0,0,24,0
"304",1,0,85,1
"305",0,0,28,1
"306",1,0,78,0
"307",0,0,46,1
"308",1,0,67,1
"309",0,0,39,1
"310",0,0,70,1
"311",0,0,77,0
"312",0,0,32,1
"313",0,0,26,0
"314",0,0,29,0
"315",1,1,42,1
"316",1,0,58,1
"317",1,0,25,1
"318",1,0,65,1
"319",1,0,51,1
"320",0,0,77,1
"321",1,0,30,1
"322",0,0,32,1
"323",0,0,35,1
"324",1,0,26,1
"325",0,0,41,1
"326",0,0,46,0
"327",1,0,54,1
"328",1,0,84,1
"329",1,0,55,1
"330",1,0,69,1
"331",0,0,40,0
"332",1,0,35,1
"333",0,0,31,1
"334",1,0,79,1
"335",1,0,47,1
"336",0,0,34,0
"337",1,0,31,1
"338",1,0,44,1
"339",0,0,59,0
"340",1,0,52,1
"341",1,0,75,1
"342",1,0,48,1
"343",0,1,33,1
"344",1,0,75,1
"345",0,0,70,1
"346",1,0,29,1
"347",1,1,67,1
"348",0,0,41,0
"349",0,0,43,1
"350",0,0,24,0
"351",0,0,52,1
"352",1,0,69,1
"353",0,0,42,1
"354",0,0,32,1
"355",1,0,69,1
"356",0,0,47,1
"357",0,0,95,0
"358",1,0,23,1
"359",0,0,58,1
"360",1,0,92,1
"361",0,0,37,1
"362",1,1,29,1
"363",1,1,65,1
"364",1,0,44,1
"365",0,0,65,1
"366",0,0,72,1
"367",1,0,77,1
"368",0,0,58,0
"369",1,0,32,1
"370",0,0,86,1
"371",1,0,44,1
"372",0,0,38,1
"373",1,0,36,0
"374",0,0,28,1
"375",1,0,62,1
"376",1,1,41,1
"377",0,0,37,1
"378",0,0,33,1
"379",0,0,41,1
"380",0,0,31,1
"381",0,0,28,0
"382",1,0,26,0
"383",1,0,45,1
"384",1,0,49,1
"385",0,0,54,1
"386",1,0,77,0
"387",0,0,37,0
"388",1,0,45,0
"389",1,0,44,1
"390",0,0,48,0
"391",0,0,26,1
"392",1,0,72,1
"393",0,0,20,0
"394",0,0,33,1
"395",0,0,34,1
"396",0,0,31,0
"397",0,0,94,1
"398",0,0,49,1
"399",0,0,21,1
"400",1,0,57,1
"401",0,0,39,1
"402",0,0,27,1
"403",0,0,49,0
"404",0,0,60,1
"405",0,0,30,0
"406",0,0,26,0
"407",1,0,66,1
"408",0,0,28,0
"409",0,0,34,0
"410",0,0,30,1
"411",0,0,37,1
"412",0,0,55,1
"413",0,0,50,1
"414",1,0,68,0
"415",0,0,32,0
"416",1,0,51,0
"417",1,0,36,1
"418",1,1,82,1
"419",1,0,53,1
"420",0,0,23,1
"421",1,0,47,1
"422",0,0,75,1
"423",0,0,39,1
"424",1,1,39,1
"425",0,0,19,0
"426",0,0,72,1
"427",0,0,46,0
"428",1,0,27,1
"429",0,0,52,1
"430",0,0,70,1
"431",0,0,42,1
"432",0,0,71,1
"433",0,0,27,1
"434",0,0,32,0
"435",1,0,52,1
"436",0,0,52,1
"437",1,0,52,1
"438",1,0,56,1
"439",0,0,20,0
"440",1,0,44,1
"441",1,0,63,1
"442",1,0,58,1
"443",0,0,41,1
"444",0,0,91,1
"445",1,0,80,1
"446",1,0,72,1
"447",0,0,34,0
"448",0,0,71,1
"449",0,0,48,0
"450",1,0,39,1
"451",0,0,33,1
"452",0,0,57,1
"453",0,0,25,0
"454",0,0,30,1
"455",1,0,49,1
"456",0,0,26,1
"457",0,0,19,1
"458",1,0,33,1
"459",1,0,78,1
"460",0,0,36,1
"461",1,0,59,1
"462",1,0,48,1
"463",0,0,83,0
"464",0,0,25,0
"465",0,0,37,0
"466",1,0,71,0
"467",0,0,42,1
"468",0,1,63,1
"469",1,0,77,1
"470",0,0,56,1
"471",0,0,35,1
"472",1,0,40,1
"473",0,0,22,0
"474",0,0,19,1
"475",1,1,37,0
"476",1,0,29,1
"477",1,0,56,0
"478",0,0,42,0
"479",1,1,75,1
"480",0,0,20,1
"481",1,0,42,1
"482",0,0,36,1
"483",0,0,33,0
"484",0,0,66,1
"485",0,0,20,1
"486",0,0,38,1
"487",1,0,34,1
"488",0,0,25,0
"489",1,0,75,1
"490",0,0,30,1
"491",0,0,46,1
"492",1,0,95,1
"493",1,0,34,1
"494",1,0,91,0
"495",0,0,47,0
"496",1,0,64,1
"497",1,0,32,1
"498",1,0,74,1
"499",1,0,70,1
"500",1,0,75,1
"501",1,0,37,0
"502",0,0,39,1
"503",0,1,20,0
"504",0,0,72,1
"505",0,0,41,1
"506",0,0,46,0
"507",0,0,50,1
"508",1,0,46,1
"509",1,1,60,1
"510",0,0,72,1
"511",1,0,24,0
"512",0,0,52,1
"513",1,0,79,1
"514",1,0,64,1
"515",0,0,48,1
"516",1,0,68,1
"517",1,0,54,1
"518",1,0,49,1
"519",1,1,78,1
"520",0,0,45,1
"521",0,0,81,1
"522",0,0,22,0
"523",1,0,39,1
"524",0,0,54,0
"525",1,0,50,1
"526",1,0,24,1
"527",1,0,35,1
"528",0,0,26,1
"529",1,0,80,1
"530",0,0,39,0
"531",1,0,30,0
"532",1,0,68,1
"533",1,0,68,1
"534",1,0,81,1
"535",0,0,67,1
"536",1,1,61,1
"537",1,0,42,1
"538",1,0,56,1
"539",0,0,30,0
"540",1,0,52,1
"541",0,0,33,1
"542",0,0,40,1
"543",0,0,56,0
"544",0,0,74,0
"545",0,0,35,1
"546",1,0,60,1
"547",1,1,92,1
"548",1,0,45,0
"549",0,0,35,1
"550",1,0,50,1
"551",1,0,47,1
"552",0,0,24,1
"553",0,0,30,1
"554",1,0,31,1
"555",1,0,41,1
"556",0,0,41,0
"557",0,0,53,1
"558",1,1,32,1
"559",1,0,31,1
"560",1,0,35,0
"561",1,0,34,1
"562",1,0,56,1
"563",1,0,38,1
"564",1,0,56,1
"565",1,0,34,1
"566",1,0,31,0
"567",0,0,36,1
"568",0,0,37,0
"569",0,0,31,1
"570",0,0,20,0
"571",0,0,41,1
"572",0,0,45,1
"573",1,0,25,1
"574",0,0,42,0
"575",1,0,49,1
"576",0,0,71,1
"577",1,0,72,1
"578",1,0,82,0
"579",0,0,39,1
"580",0,0,47,1
"581",1,0,31,1
"582",1,0,92,1
"583",0,0,26,0
"584",0,0,69,0
"585",1,0,22,0
"586",0,0,37,1
"587",1,0,22,1
"588",0,0,27,1
"589",1,0,60,1
"590",0,0,73,1
"591",1,0,72,1
"592",0,0,62,0
"593",0,0,71,1
"594",0,0,34,1
"595",0,0,39,1
"596",0,0,71,1
"597",1,0,89,1
"598",0,0,35,1
"599",0,1,37,1
"600",0,0,27,1
"601",1,0,38,1
"602",0,0,77,0
"603",1,0,36,1
"604",1,0,37,1
"605",1,0,78,1
"606",1,0,56,1
"607",0,0,20,0
"608",0,0,44,1
"609",1,0,73,1
"610",0,0,61,0
"611",0,0,36,1
"612",0,0,66,0
"613",1,0,42,1
"614",0,0,26,1
"615",0,0,74,1
"616",1,0,72,1
"617",0,0,33,0
"618",1,0,44,1
"619",0,0,50,1
"620",0,0,61,1
"621",0,0,34,0
"622",0,0,33,1
"623",0,0,22,0
"624",0,0,70,0
"625",1,0,56,1
"626",1,0,54,0
"627",1,0,44,1
"628",0,0,35,1
"629",1,0,69,1
"630",0,0,31,0
"631",0,0,65,1
"632",1,0,42,1
"633",0,1,76,1
"634",0,0,30,0
"635",0,0,49,0
"636",1,0,63,1
"637",1,0,46,1
"638",1,0,52,1
"639",1,0,52,1
"640",1,0,40,1
"641",0,0,82,1
"642",0,0,30,1
"643",0,0,26,0
"644",0,0,21,1
"645",1,0,88,1
"646",0,0,22,0
"647",0,0,81,1
"648",0,0,62,1
"649",0,0,42,1
"650",0,0,74,1
"651",1,0,66,0
"652",1,0,64,1
"653",1,0,84,1
"654",0,0,36,1
"655",1,0,61,1
"656",0,0,78,1
"657",0,0,73,1
"658",0,0,39,1
"659",1,0,52,0
"660",0,0,29,1
"661",0,0,33,1
"662",0,0,33,0
"663",1,0,54,0
"664",0,0,83,0
"665",0,0,34,1
"666",0,0,35,1
"667",1,1,77,0
"668",0,0,33,0
"669",1,0,37,1
"670",1,0,69,1
"671",0,0,51,1
"672",0,0,36,1
"673",0,0,47,0
"674",1,0,45,1
"675",1,0,58,1
"676",1,0,42,0
"677",0,0,85,1
"678",0,0,62,0
"679",0,0,21,0
"680",1,0,52,1
"681",0,0,35,1
"682",0,0,30,0
"683",0,0,59,1
"684",0,0,30,0
"685",0,1,63,1
"686",0,0,73,1
"687",1,0,80,1
"688",0,0,47,0
"689",1,0,20,1
"690",0,0,49,1
"691",0,0,51,0
"692",1,0,51,1
"693",0,0,49,1
"694",1,0,43,1
"695",1,0,55,1
"696",0,0,22,1
"697",1,0,50,0
"698",1,0,83,1
"699",1,0,32,1
"700",1,0,81,1
"701",0,0,18,1
"702",1,0,67,0
"703",1,0,52,1
"704",1,0,33,1
"705",0,0,38,0
"706",0,0,40,1
"707",1,0,44,1
"708",1,0,47,1
"709",1,0,35,1
"710",0,0,34,1
"711",1,0,90,1
"712",0,0,27,1
"713",0,0,82,1
"714",0,0,66,0
"715",1,0,59,1
"716",1,1,49,1
"717",1,0,64,1
"718",0,0,44,1
"719",0,0,66,1
"720",1,0,55,0
"721",0,0,40,1
"722",0,1,54,1
"723",0,0,42,1
"724",1,0,72,0
"725",0,0,37,1
"726",1,0,68,1
"727",1,0,74,1
"728",0,0,34,1
"729",0,0,89,1
"730",0,0,31,1
"731",0,0,33,1
"732",1,0,29,0
"733",1,0,46,1
"734",1,0,76,1
"735",1,0,33,0
"736",0,0,47,1
"737",0,0,36,1
"738",0,0,26,1
"739",0,0,45,1
"740",1,0,37,1
"741",0,0,65,0
"742",0,0,74,1
"743",1,0,51,1
"744",0,0,33,1
"745",1,0,39,1
"746",0,0,25,0
"747",1,0,52,0
"748",1,0,69,1
"749",0,0,56,0
"750",0,0,32,1
"751",0,0,57,1
"752",1,0,81,1
"753",0,0,29,0
"754",0,0,57,1
"755",1,0,76,1
"756",0,0,37,1
"757",1,0,51,1
"758",0,0,37,1
"759",1,0,97,1
"760",0,0,21,0
"761",1,0,72,1
"762",1,0,32,1
"763",0,0,89,1
"764",1,0,59,1
"765",0,0,27,0
"766",1,1,74,1
"767",1,0,76,1
"768",1,0,48,1
"769",1,0,61,1
"770",1,0,41,0
"771",1,0,36,0
"772",1,0,40,1
"773",0,0,45,1
"774",1,0,54,1
"775",1,0,37,1
"776",1,0,32,1
"777",0,0,49,1
"778",0,0,52,1
"779",0,1,42,1
"780",1,0,51,0
"781",0,0,64,0
"782",1,0,78,1
"783",0,0,33,1
"784",0,0,25,1
"785",1,0,44,1
"786",0,0,42,0
"787",0,0,41,1
"788",0,0,72,1
"789",0,0,45,0
"790",1,0,38,1
"791",1,0,58,1
"792",1,0,36,1
"793",1,0,27,0
"794",1,0,81,1
"795",0,1,47,1
"796",0,0,39,1
"797",1,0,59,1
"798",0,0,53,1
"799",0,0,76,1
"800",1,0,37,1
"801",0,1,40,1
"802",0,0,35,1
"803",1,0,38,1
"804",1,0,67,1
"805",0,0,28,0
"806",1,1,25,0
"807",1,0,21,1
"808",0,0,27,1
"809",0,0,31,0
"810",0,0,46,0
"811",0,0,69,1
"812",0,0,44,1
"813",1,0,40,0
"814",0,0,79,1
"815",1,0,84,0
"816",0,0,59,0
"817",0,0,33,1
"818",1,0,49,1
"819",1,0,37,1
"820",0,0,35,0
"821",0,0,30,1
"822",1,0,76,1
"823",0,0,33,1
"824",1,0,56,1
"825",1,0,65,1
"826",1,0,79,1
"827",0,0,29,0
"828",1,0,86,0
"829",0,0,31,1
"830",1,0,56,0
"831",1,0,65,1
"832",0,0,33,1
"833",0,0,61,1
"834",0,0,36,1
"835",0,0,97,1
"836",0,0,50,1
"837",1,0,43,1
"838",1,0,35,0
"839",1,1,58,1
"840",1,0,70,1
"841",1,0,39,1
"842",0,0,26,1
"843",0,0,34,1
"844",0,0,72,1
"845",1,0,56,1
"846",0,0,55,1
"847",1,0,58,1
"848",1,0,57,1
"849",1,0,76,0
"850",1,0,89,1
"851",0,0,45,1
"852",1,0,68,0
"853",0,0,47,1
"854",0,0,29,1
"855",0,0,32,0
"856",0,0,35,1
"857",1,0,54,1
"858",0,0,27,0
"859",1,0,32,1
"860",1,0,83,1
"861",1,0,34,1
"862",1,0,64,1
"863",1,0,28,1
"864",0,0,33,0
"865",0,0,57,1
"866",1,0,83,1
"867",1,0,49,1
"868",0,0,26,1
"869",0,0,33,0
"870",0,0,29,1
"871",0,0,41,1
"872",1,0,47,1
"873",0,0,49,1
"874",1,1,50,1
"875",0,0,36,1
"876",0,0,35,1
"877",1,1,43,0
"878",0,0,52,1
"879",0,1,21,1
"880",1,0,28,1
"881",0,0,25,0
"882",0,0,23,0
"883",0,0,37,0
"884",0,0,26,1
"885",0,0,28,1
"886",1,0,88,1
"887",0,0,29,1
"888",0,0,76,1
"889",1,1,34,1
"890",1,0,92,1
"891",1,1,52,1
"892",1,0,51,0
"893",1,0,45,1
"894",0,0,55,1
"895",0,0,20,1
"896",1,1,50,1
"897",1,1,90,1
"898",0,0,59,1
"899",1,0,47,1
"900",0,0,49,1
"901",1,0,41,1
"902",0,0,31,1
"903",0,1,31,0
"904",1,1,61,1
"905",1,0,64,1
"906",0,0,36,1
"907",0,0,25,1
"908",1,0,36,1
"909",0,0,49,0
"910",1,0,55,1
"911",0,0,21,1
"912",1,0,42,1
"913",0,0,43,1
"914",0,0,73,1
"915",0,0,37,1
"916",0,0,28,1
"917",1,0,67,0
"918",0,0,57,0
"919",1,0,51,1
"920",0,0,58,1
"921",0,0,35,0
"922",0,0,47,1
"923",1,1,83,1
"924",0,0,46,1
"925",1,0,75,1
"926",1,1,65,1
"927",1,0,54,1
"928",1,1,83,0
"929",0,0,27,1
"930",0,0,35,1
"931",0,0,36,0
"932",0,0,32,1
"933",0,0,38,1
"934",1,0,50,1
"935",0,0,32,0
"936",0,0,68,1
"937",1,0,84,1
"938",0,0,38,1
"939",0,0,78,1
"940",0,0,31,1
"941",1,1,39,1
"942",1,0,51,1
"943",0,0,68,1
"944",0,0,78,1
"945",1,0,79,1
"946",0,0,37,1
"947",0,0,47,1
"948",1,0,36,1
"949",1,0,45,1
"950",1,0,45,1
"951",0,0,73,1
"952",1,0,37,1
"953",1,0,74,1
"954",0,0,51,1
"955",1,0,50,1
"956",1,0,52,1
"957",0,0,64,0
"958",0,0,29,1
"959",0,0,51,0
"960",1,0,64,1
"961",0,0,60,1
"962",1,0,53,1
"963",0,0,37,1
"964",1,0,41,1
"965",0,0,39,1
"966",1,1,40,1
"967",0,0,72,1
"968",0,0,26,0
"969",1,1,85,1
"970",1,0,76,1
"971",1,0,50,0
"972",1,0,39,1
"973",1,0,77,1
"974",1,0,50,1
"975",1,1,84,1
"976",0,0,79,0
"977",1,0,56,0
"978",0,0,49,1
"979",1,0,71,1
"980",1,0,70,1
"981",1,0,43,1
"982",1,0,40,0
"983",0,0,70,1
"984",1,0,41,1
"985",1,1,68,1
"986",0,0,50,1
"987",0,0,19,0
"988",1,0,40,1
"989",1,0,48,1
"990",0,0,77,0
"991",0,0,29,0
"992",1,0,64,1
"993",1,0,73,1
"994",0,0,44,1
"995",0,0,87,1
"996",1,0,61,1
"997",0,0,25,0
"998",1,0,51,1
"999",1,0,86,1
"1000",0,0,21,1
"1001",0,0,22,1
"1002",1,0,78,1
"1003",1,0,20,1
"1004",0,0,37,1
"1005",1,0,30,0
"1006",0,0,31,1
"1007",1,0,26,0
"1008",1,0,52,1
"1009",1,0,66,1
"1010",1,0,41,1
"1011",0,0,19,0
"1012",0,0,91,0
"1013",1,0,89,0
"1014",1,0,37,0
"1015",1,0,55,1
"1016",0,0,23,0
"1017",0,0,43,1
"1018",1,0,88,1
"1019",1,0,65,1
"1020",1,0,42,1
"1021",0,0,32,1
"1022",0,0,45,0
"1023",0,0,28,0
"1024",1,0,47,1
"1025",1,0,19,0
"1026",0,0,53,1
"1027",0,1,84,1
"1028",1,0,27,1
"1029",0,0,48,1
"1030",0,0,81,1
"1031",0,0,40,1
"1032",1,0,67,1
"1033",1,0,50,1
"1034",1,0,46,1
"1035",0,0,33,0
"1036",1,0,75,1
"1037",0,0,61,1
"1038",0,0,28,1
"1039",1,0,34,0
"1040",0,0,21,0
"1041",1,0,56,1
"1042",0,0,34,1
"1043",1,0,49,1
"1044",1,0,73,1
"1045",0,0,38,1
"1046",0,0,68,1
"1047",0,0,41,1
"1048",0,0,49,1
"1049",0,0,38,1
"1050",0,0,26,1
"1051",0,0,49,1
"1052",1,0,47,0
"1053",1,0,47,1
"1054",1,0,73,1
"1055",0,0,49,1
"1056",1,0,63,1
"1057",1,0,34,1
"1058",0,0,94,1
"1059",0,1,59,1
"1060",1,0,43,1
"1061",0,0,27,1
"1062",1,1,27,0
"1063",0,0,76,1
"1064",1,0,59,1
"1065",0,0,84,1
"1066",0,0,26,0
"1067",0,0,91,1
"1068",0,0,57,0
"1069",1,0,26,1
"1070",1,0,39,1
"1071",0,0,40,0
"1072",0,0,57,1
"1073",1,0,55,1
"1074",0,0,27,0
"1075",0,0,75,1
"1076",1,0,56,0
"1077",1,0,86,0
"1078",0,0,70,1
"1079",1,0,85,1
"1080",1,0,49,0
"1081",0,0,27,0
"1082",1,0,48,1
"1083",1,0,73,1
"1084",0,0,75,1
"1085",0,0,25,0
"1086",0,0,49,1
"1087",0,0,29,1
"1088",1,0,58,0
"1089",1,0,45,1
"1090",0,0,62,1
"1091",0,0,48,1
"1092",1,0,72,1
"1093",0,0,30,1
"1094",0,0,54,1
"1095",0,0,37,1
"1096",1,0,39,1
"1097",0,0,77,1
"1098",1,0,34,0
"1099",0,0,35,1
"1100",1,1,39,1
"1101",1,0,77,0
"1102",0,0,77,1
"1103",0,0,59,1
"1104",1,0,39,1
"1105",1,0,73,0
"1106",1,0,62,0
"1107",0,0,25,1
"1108",0,0,36,1
"1109",0,0,52,1
"1110",0,0,30,0
"1111",0,0,84,1
"1112",0,0,30,1
"1113",0,0,82,1
"1114",0,0,70,1
"1115",0,0,40,0
"1116",0,0,76,1
"1117",0,0,26,1
"1118",1,0,40,1
"1119",1,0,81,1
"1120",0,0,61,1
"1121",0,1,55,0
"1122",0,0,54,1
"1123",0,0,53,0
"1124",0,0,46,1
"1125",1,0,41,1
"1126",0,0,32,0
"1127",0,0,93,1
"1128",1,0,30,1
"1129",0,0,29,0
"1130",0,0,81,1
"1131",0,0,58,1
"1132",0,0,35,1
"1133",0,1,49,0
"1134",1,0,54,1
"1135",1,0,38,1
"1136",1,0,45,1
"1137",0,0,36,1
"1138",0,0,29,1
"1139",0,0,22,1
"1140",1,0,45,1
"1141",0,0,21,1
"1142",0,0,22,1
"1143",0,0,31,1
"1144",0,0,77,0
"1145",0,0,49,1
"1146",1,0,59,1
"1147",1,0,53,1
"1148",0,0,68,1
"1149",1,0,50,1
"1150",0,0,49,1
"1151",0,0,37,1
"1152",0,0,87,0
"1153",1,0,77,1
"1154",0,0,28,1
"1155",0,0,51,1
"1156",0,0,42,0
"1157",1,0,77,1
"1158",0,0,75,0
"1159",0,0,88,1
"1160",1,0,45,1
"1161",0,0,43,1
"1162",0,0,52,0
"1163",0,0,35,1
"1164",0,0,21,0
"1165",1,0,51,0
"1166",0,0,90,1
"1167",1,0,79,1
"1168",1,0,67,1
"1169",1,0,42,1
"1170",0,0,25,0
"1171",0,0,38,1
"1172",1,0,47,1
"1173",0,0,42,1
"1174",1,0,74,0
"1175",0,0,40,1
"1176",1,1,48,1
"1177",0,0,81,1
"1178",0,0,35,0
"1179",1,0,78,1
"1180",1,0,67,1
"1181",0,0,34,1
"1182",0,0,57,1
"1183",0,0,32,1
"1184",0,0,38,1
"1185",1,0,39,0
"1186",1,0,59,1
"1187",1,0,41,0
"1188",1,0,48,1
"1189",0,0,24,0
"1190",1,0,27,1
"1191",0,0,52,1
"1192",0,0,23,0
"1193",0,0,50,1
"1194",1,0,49,1
"1195",0,0,49,0
"1196",1,1,59,1
"1197",0,0,19,0
"1198",1,0,71,0
"1199",0,0,35,0
"1200",0,0,52,1
"1201",1,0,32,1
"1202",0,0,66,0
"1203",0,0,83,1
"1204",1,0,45,1
"1205",0,0,33,1
"1206",1,0,36,1
"1207",1,1,64,1
"1208",0,0,62,0
"1209",0,0,41,1
"1210",1,0,66,1
"1211",1,0,29,1
"1212",0,0,38,0
"1213",1,0,33,1
"1214",0,0,23,0
"1215",1,0,53,1
"1216",1,0,78,1
"1217",0,0,43,1
"1218",0,0,31,1
"1219",1,0,85,1
"1220",0,0,67,1
"1221",0,0,47,1
"1222",0,0,54,1
"1223",1,0,59,1
"1224",0,0,76,1
"1225",0,0,84,1
"1226",0,0,64,1
"1227",0,0,36,1
"1228",1,0,47,0
"1229",0,0,43,0
"1230",1,0,63,1
"1231",0,0,27,1
"1232",1,0,46,1
"1233",1,0,91,1
"1234",0,0,27,0
"1235",0,0,21,0
"1236",1,0,32,1
"1237",0,0,46,0
"1238",1,1,35,1
"1239",1,0,43,1
"1240",0,0,57,1
"1241",1,0,33,1
"1242",1,0,43,1
"1243",1,0,91,1
"1244",1,1,43,0
"1245",1,0,69,1
"1246",0,0,29,0
"1247",1,0,71,1
"1248",1,0,80,1
"1249",0,0,55,1
"1250",0,0,25,1
"1251",0,0,26,0
"1252",0,0,83,1
"1253",1,0,73,1
"1254",1,0,45,1
"1255",0,0,38,0
"1256",0,1,23,1
"1257",1,0,49,1
"1258",0,0,20,0
"1259",0,0,46,1
"1260",1,0,53,0
"1261",0,0,52,0
"1262",1,0,37,1
"1263",0,0,94,1
"1264",1,0,73,1
"1265",0,0,39,1
"1266",1,0,69,1
"1267",0,0,42,0
"1268",0,0,34,0
"1269",0,0,68,1
"1270",0,0,31,1
"1271",0,0,68,0
"1272",1,0,76,1
"1273",1,0,42,1
"1274",1,0,82,0
"1275",0,0,50,1
"1276",1,0,68,0
"1277",0,0,84,1
"1278",1,1,72,1
"1279",0,0,67,1
"1280",1,0,55,1
"1281",1,0,85,1
"1282",0,0,30,1
"1283",0,0,38,1
"1284",0,0,93,1
"1285",1,0,31,1
"1286",0,0,35,1
"1287",0,0,55,1
"1288",0,0,47,1
"1289",1,0,77,1
"1290",0,0,31,0
"1291",0,1,45,1
"1292",0,0,39,1
"1293",0,0,90,0
"1294",1,0,36,1
"1295",0,0,25,1
"1296",0,0,35,0
"1297",1,0,31,1
"1298",1,0,27,0
"1299",0,0,39,1
"1300",1,0,52,1
"1301",0,0,79,1
"1302",0,0,45,1
"1303",0,0,28,1
"1304",1,1,61,0
"1305",1,0,50,1
"1306",1,0,87,0
"1307",0,0,28,0
"1308",0,0,24,0
"1309",1,0,40,0
"1310",0,0,41,1
"1311",0,0,27,0
"1312",0,0,55,1
"1313",1,1,36,1
"1314",1,0,78,1
"1315",0,0,28,1
"1316",0,0,68,0
"1317",0,0,42,0
"1318",1,0,71,1
"1319",1,0,65,1
"1320",0,0,40,1
"1321",1,0,55,1
"1322",1,0,78,1
"1323",0,0,58,0
"1324",1,0,37,1
"1325",1,0,62,1
"1326",0,0,35,1
"1327",1,0,77,1
"1328",1,1,33,1
"1329",0,0,43,1
"1330",1,0,44,1
"1331",0,0,28,1
"1332",0,0,57,0
"1333",1,0,33,0
"1334",0,0,53,1
"1335",0,0,32,1
"1336",0,0,70,1
"1337",1,0,43,1
"1338",1,0,33,0
"1339",0,0,58,0
"1340",0,0,36,1
"1341",1,0,53,1
"1342",1,0,34,1
"1343",0,0,34,1
"1344",1,0,44,1
"1345",0,0,46,1
"1346",0,0,33,1
"1347",0,0,45,0
"1348",1,0,30,1
"1349",0,0,26,0
"1350",0,0,45,1
"1351",0,1,78,1
"1352",0,0,29,1
"1353",1,0,55,1
"1354",1,0,90,1
"1355",0,0,21,0
"1356",0,0,26,0
"1357",1,0,48,1
"1358",1,0,63,1
"1359",0,0,22,0
"1360",0,0,33,1
"1361",1,0,83,1
"1362",0,0,39,1
"1363",1,0,41,1
"1364",0,0,27,1
"1365",1,0,53,1
"1366",1,0,39,0
"1367",1,0,68,1
"1368",0,0,58,0
"1369",1,0,42,1
"1370",1,0,33,1
"1371",1,0,74,1
"1372",1,0,79,1
"1373",0,0,50,0
"1374",1,0,39,1
"1375",0,0,69,1
"1376",0,0,35,1
"1377",1,0,80,1
"1378",1,1,72,1
"1379",0,0,76,1
"1380",0,0,50,1
"1381",1,0,74,1
"1382",1,0,57,1
"1383",1,0,60,1
"1384",0,0,35,1
"1385",1,0,86,1
"1386",1,0,42,1
"1387",1,0,29,1
"1388",1,0,86,0
"1389",0,0,33,0
"1390",1,0,51,1
"1391",1,0,54,1
"1392",0,0,48,0
"1393",0,0,35,1
"1394",1,0,31,1
"1395",1,0,41,1
"1396",1,0,58,1
"1397",0,0,19,1
"1398",1,0,71,0
"1399",1,0,28,0
"1400",0,0,80,0
"1401",0,0,38,1
"1402",0,0,67,1
"1403",0,0,44,1
"1404",0,0,52,1
"1405",0,0,55,1
"1406",1,0,82,1
"1407",1,0,50,1
"1408",0,0,47,1
"1409",0,0,92,1
"1410",1,1,44,0
"1411",1,0,85,1
"1412",0,0,28,1
"1413",1,0,35,1
"1414",0,0,41,0
"1415",1,0,59,1
"1416",1,0,59,1
"1417",1,0,39,1
"1418",0,0,70,1
"1419",0,0,29,1
"1420",0,0,21,0
"1421",0,0,20,1
"1422",1,0,45,1
"1423",1,0,53,1
"1424",1,0,60,1
"1425",0,0,40,1
"1426",0,1,79,1
"1427",0,0,19,0
"1428",0,0,57,1
"1429",0,0,39,1
"1430",0,0,75,1
"1431",1,0,56,1
"1432",0,0,21,0
"1433",1,0,75,1
"1434",0,0,41,0
"1435",1,0,86,1
"1436",1,0,53,1
"1437",0,1,60,1
"1438",1,0,40,1
"1439",0,0,43,0
"1440",0,0,94,0
"1441",1,0,64,0
"1442",1,0,46,0
"1443",1,0,63,1
"1444",0,0,26,0
"1445",0,0,26,1
"1446",1,0,83,1
"1447",0,0,49,1
"1448",1,0,55,1
"1449",1,0,66,1
"1450",0,0,48,0
"1451",0,0,31,0
"1452",1,0,73,1
"1453",0,0,26,1
"1454",0,0,81,0
"1455",0,1,53,1
"1456",0,1,46,1
"1457",0,0,45,1
"1458",1,0,30,1
"1459",0,0,26,1
"1460",0,0,53,1
"1461",0,0,53,1
"1462",0,0,33,0
"1463",1,0,86,0
"1464",1,0,71,1
"1465",0,0,89,1
"1466",0,0,24,1
"1467",1,0,44,1
"1468",0,0,26,0
"1469",1,0,71,0
"1470",0,0,53,0
"1471",0,0,36,1
"1472",0,0,30,1
"1473",0,0,54,0
"1474",0,0,29,0
"1475",0,0,24,0
"1476",1,0,45,0
"1477",0,0,35,1
"1478",0,0,37,0
"1479",1,0,83,1
"1480",0,0,35,0
"1481",1,0,45,1
"1482",1,0,42,1
"1483",1,0,79,0
"1484",0,0,81,1
"1485",0,0,40,0
"1486",0,0,31,0
"1487",1,1,83,0
"1488",1,1,74,1
"1489",0,0,37,0
"1490",1,0,31,1
"1491",0,0,34,1
"1492",1,0,93,1
"1493",1,1,54,1
"1494",1,0,48,1
"1495",0,0,22,1
"1496",1,0,30,1
"1497",0,0,81,0
"1498",1,0,44,0
"1499",0,0,23,1
"1500",1,1,40,1
"1501",0,0,30,0
"1502",0,0,21,1
"1503",1,0,42,1
"1504",0,0,28,0
"1505",1,0,72,1
"1506",1,1,50,0
"1507",1,0,78,0
"1508",1,0,71,1
"1509",0,0,78,0
"1510",0,0,66,1
"1511",0,0,34,1
"1512",1,0,33,1
"1513",1,0,25,0
"1514",0,0,32,1
"1515",0,0,29,1
"1516",0,0,69,1
"1517",0,0,78,1
"1518",1,0,53,1
"1519",1,0,86,0
"1520",1,0,65,1
"1521",1,0,63,1
"1522",0,0,41,1
"1523",1,0,70,1
"1524",0,0,38,1
"1525",0,0,44,1
"1526",1,0,41,0
"1527",1,0,62,1
"1528",0,0,65,1
"1529",0,0,30,0
"1530",0,0,29,1
"1531",1,0,59,1
"1532",1,0,50,1
"1533",1,0,71,1
"1534",1,0,43,1
"1535",0,0,21,1
"1536",1,0,50,1
"1537",1,0,40,1
"1538",1,0,50,1
"1539",0,0,36,1
"1540",1,0,19,0
"1541",1,0,41,1
"1542",1,0,39,1
"1543",0,0,48,0
"1544",0,0,29,1
"1545",0,0,62,0
"1546",0,0,29,0
"1547",0,1,23,1
"1548",1,0,37,1
"1549",0,0,70,1
"1550",0,0,31,1
"1551",0,0,44,1
"1552",0,0,25,1
"1553",1,0,47,1
"1554",1,0,56,1
"1555",0,0,41,0
"1556",0,0,79,1
"1557",0,0,79,0
"1558",1,1,68,0
"1559",1,0,68,1
"1560",0,0,43,1
"1561",0,0,86,1
"1562",0,0,53,0
"1563",1,0,83,1
"1564",0,0,29,0
"1565",0,0,45,0
"1566",0,0,42,1
"1567",1,0,81,1
"1568",1,0,44,1
"1569",1,0,56,1
"1570",1,1,35,1
"1571",0,0,40,1
"1572",0,0,45,0
"1573",1,0,44,1
"1574",1,0,51,1
"1575",0,0,42,1
"1576",1,0,84,0
"1577",0,0,30,0
"1578",0,0,42,1
"1579",1,0,57,1
"1580",1,0,90,1
"1581",1,0,31,1
"1582",0,0,43,1
"1583",0,0,27,0
"1584",0,0,38,1
"1585",0,0,50,1
"1586",0,0,39,1
"1587",0,0,53,0
"1588",1,0,59,1
"1589",0,0,50,1
"1590",1,0,84,0
"1591",0,0,22,1
"1592",0,0,20,1
"1593",1,0,53,1
"1594",0,0,29,1
"1595",1,0,39,0
"1596",1,0,72,1
"1597",0,0,64,1
"1598",1,0,53,1
"1599",0,0,54,1
"1600",0,0,50,1
"1601",0,0,21,0
"1602",0,0,30,1
"1603",1,0,55,0
"1604",1,0,85,1
"1605",0,0,38,1
"1606",0,0,47,1
"1607",1,0,29,1
"1608",1,0,51,1
"1609",1,0,30,1
"1610",1,0,47,1
"1611",0,1,51,1
"1612",1,0,40,1
"1613",1,0,33,1
"1614",1,0,85,1
"1615",0,0,36,1
"1616",0,0,35,0
"1617",1,0,82,1
"1618",1,0,66,1
"1619",1,1,60,1
"1620",0,0,68,1
"1621",0,0,41,1
"1622",1,0,35,0
"1623",0,0,40,1
"1624",1,0,66,1
"1625",0,0,26,1
"1626",0,1,46,0
"1627",0,0,45,1
"1628",0,0,47,1
"1629",0,0,76,1
"1630",0,0,44,1
"1631",0,0,65,1
"1632",0,0,87,0
"1633",0,0,47,1
"1634",0,0,20,1
"1635",0,0,29,0
"1636",0,0,34,1
"1637",1,0,42,0
"1638",0,0,68,1
"1639",1,0,72,0
"1640",1,0,65,1
"1641",1,0,47,1
"1642",0,0,21,1
"1643",0,0,37,0
"1644",0,0,30,1
"1645",1,0,33,1
"1646",1,0,46,0
"1647",0,0,35,0
"1648",1,0,31,1
"1649",0,0,50,1
"1650",1,0,43,1
"1651",0,0,49,1
"1652",0,0,49,0
"1653",0,0,26,0
"1654",1,0,55,1
"1655",1,0,53,1
"1656",0,0,75,1
"1657",1,0,48,1
"1658",0,0,45,1
"1659",1,0,58,1
"1660",1,0,62,1
"1661",1,1,71,0
"1662",0,0,45,1
"1663",1,0,59,1
"1664",0,0,27,1
"1665",1,0,67,1
"1666",0,0,47,1
"1667",0,0,72,1
"1668",0,1,41,1
"1669",1,0,33,1
"1670",0,0,20,0
"1671",1,0,34,1
"1672",0,0,25,1
"1673",1,0,48,1
"1674",0,0,58,1
"1675",0,0,39,1
"1676",0,0,50,1
"1677",0,0,24,1
"1678",0,0,77,1
"1679",1,0,48,1
"1680",1,0,42,0
"1681",0,0,78,1
"1682",1,0,50,1
"1683",1,0,65,1
"1684",0,1,32,1
"1685",1,1,72,1
"1686",0,0,44,0
"1687",0,0,84,1
"1688",0,0,19,0
"1689",1,0,75,1
"1690",1,0,52,1
"1691",1,0,58,1
"1692",0,1,41,1
"1693",0,1,46,1
"1694",0,0,76,1
"1695",0,0,84,1
"1696",1,0,59,1
"1697",1,0,84,1
"1698",0,0,48,1
"1699",0,0,51,1
"1700",0,0,30,0
"1701",1,0,53,1
"1702",1,0,41,1
"1703",0,0,21,1
"1704",0,0,31,1
"1705",0,0,37,1
"1706",0,0,35,1
"1707",1,0,31,0
"1708",0,0,27,1
"1709",1,0,67,1
"1710",1,0,59,0
"1711",1,0,49,1
"1712",0,0,38,1
"1713",1,0,78,1
"1714",1,0,27,1
"1715",0,0,25,1
"1716",1,0,45,1
"1717",0,0,63,1
"1718",1,0,85,1
"1719",0,0,33,1
"1720",1,0,27,1
"1721",1,0,74,1
"1722",0,0,74,1
"1723",0,0,39,1
"1724",1,0,50,0
"1725",0,0,72,1
"1726",1,0,69,1
"1727",0,0,39,1
"1728",0,0,22,1
"1729",0,0,24,0
"1730",0,1,52,1
"1731",0,0,43,1
"1732",1,0,51,0
"1733",1,0,47,1
"1734",1,0,47,0
"1735",0,0,53,1
"1736",1,0,48,1
"1737",1,0,70,1
"1738",0,0,32,1
"1739",1,0,65,0
"1740",0,0,28,1
"1741",1,0,55,0
"1742",1,0,48,1
"1743",1,0,37,1
"1744",1,0,68,0
"1745",0,0,25,1
"1746",1,0,27,1
"1747",1,0,66,1
"1748",1,1,45,1
"1749",1,0,73,1
"1750",1,0,75,1
"1751",0,0,44,1
"1752",0,0,23,1
"1753",0,0,22,1
"1754",1,0,41,1
"1755",1,0,50,0
"1756",1,0,48,0
"1757",0,0,37,1
"1758",0,0,42,1
"1759",0,0,20,1
"1760",1,0,46,1
"1761",1,0,71,1
"1762",0,0,59,1
"1763",1,0,74,1
"1764",1,0,43,1
"1765",1,0,36,1
"1766",1,0,66,1
"1767",0,0,49,1
"1768",1,0,20,0
"1769",1,0,70,1
"1770",1,0,82,1
"1771",1,0,50,1
"1772",0,0,28,0
"1773",0,0,58,1
"1774",1,0,38,1
"1775",0,0,59,1
"1776",1,0,62,1
"1777",1,0,21,0
"1778",0,0,72,1
"1779",0,0,26,0
"1780",1,0,36,0
"1781",1,0,62,1
"1782",0,0,35,1
"1783",0,0,73,0
"1784",1,0,80,1
"1785",0,0,28,1
"1786",0,1,37,1
"1787",1,0,52,1
"1788",0,0,82,1
"1789",0,0,72,1
"1790",0,0,73,0
"1791",0,0,34,1
"1792",0,0,23,0
"1793",1,0,18,1
"1794",1,0,51,1
"1795",0,1,71,1
"1796",0,0,23,1
"1797",1,0,42,0
"1798",1,0,36,0
"1799",0,0,58,1
"1800",1,0,44,1
"1801",1,0,37,1
"1802",0,0,48,0
"1803",1,0,85,1
"1804",0,0,22,1
"1805",0,0,28,0
"1806",0,0,30,1
"1807",0,0,76,1
"1808",1,0,65,1
"1809",1,0,86,1
"1810",0,0,35,1
"1811",0,0,91,1
"1812",0,0,31,1
"1813",1,0,38,0
"1814",1,0,34,1
"1815",1,0,37,0
"1816",1,0,39,0
"1817",0,0,20,0
"1818",1,0,34,0
"1819",0,0,80,1
"1820",1,1,64,1
"1821",1,0,61,1
"1822",0,0,72,1
"1823",0,0,58,1
"1824",1,0,65,0
"1825",0,0,49,0
"1826",1,0,71,1
"1827",1,1,34,1
"1828",1,0,92,1
"1829",0,0,60,1
"1830",1,0,67,1
"1831",0,0,35,1
"1832",1,1,42,1
"1833",0,0,48,1
"1834",0,0,46,0
"1835",0,0,27,0
"1836",1,0,78,1
"1837",1,0,72,1
"1838",0,0,52,1
"1839",1,0,63,1
"1840",1,1,26,1
"1841",1,0,34,0
"1842",0,0,74,0
"1843",1,0,27,1
"1844",0,0,41,0
"1845",0,0,44,0
"1846",1,0,25,0
"1847",0,0,28,1
"1848",1,1,72,1
"1849",0,0,56,1
"1850",1,0,50,1
"1851",1,0,68,1
"1852",0,0,33,0
"1853",0,0,22,1
"1854",0,0,30,1
"1855",0,0,51,1
"1856",0,0,29,1
"1857",0,0,33,1
"1858",1,0,57,1
"1859",0,0,49,1
"1860",1,0,65,1
"1861",1,0,41,1
"1862",1,0,39,1
"1863",0,0,22,1
"1864",0,0,28,1
"1865",1,0,46,0
"1866",1,0,62,1
"1867",1,0,37,1
"1868",1,0,53,1
"1869",1,0,50,0
"1870",1,0,76,1
"1871",0,0,29,0
"1872",1,0,38,1
"1873",0,0,40,1
"1874",0,0,24,1
"1875",1,0,34,1
"1876",1,0,29,1
"1877",1,0,40,1
"1878",0,0,44,1
"1879",1,0,84,0
"1880",0,0,37,1
"1881",0,0,33,1
"1882",0,0,45,1
"1883",1,0,56,1
"1884",0,0,41,0
"1885",0,0,27,0
"1886",1,0,70,1
"1887",1,0,74,1
"1888",1,0,45,1
"1889",1,0,75,1
"1890",1,0,77,1
"1891",1,0,54,0
"1892",1,0,41,1
"1893",0,0,32,1
"1894",1,0,48,1
"1895",1,0,78,1
"1896",0,0,21,1
"1897",0,0,81,1
"1898",1,1,86,1
"1899",0,0,30,0
"1900",1,0,50,1
"1901",1,0,37,1
"1902",1,0,27,1
"1903",0,0,63,1
"1904",1,0,29,1
"1905",0,0,20,0
"1906",0,0,34,1
"1907",1,0,60,1
"1908",1,0,34,1
"1909",0,0,28,0
"1910",1,0,60,0
"1911",1,0,78,1
"1912",1,0,64,1
"1913",1,0,28,0
"1914",1,0,54,1
"1915",1,0,75,1
"1916",0,0,84,1
"1917",0,0,29,1
"1918",0,0,31,0
"1919",0,0,97,1
"1920",0,0,48,1
"1921",0,0,65,1
"1922",1,0,32,0
"1923",1,0,35,1
"1924",1,0,21,1
"1925",0,0,35,1
"1926",0,0,35,0
"1927",0,0,37,0
"1928",1,0,49,1
"1929",1,0,50,1
"1930",0,0,33,1
"1931",1,0,67,1
"1932",1,0,63,1
"1933",1,0,53,1
"1934",0,0,50,1
"1935",1,0,29,1
"1936",1,0,70,1
"1937",0,0,43,0
"1938",1,0,74,1
"1939",1,0,74,1
"1940",1,0,50,0
"1941",1,0,79,1
"1942",1,0,37,0
"1943",1,0,40,0
"1944",1,0,58,1
"1945",1,0,63,1
"1946",0,0,51,1
"1947",0,0,30,0
"1948",1,0,38,1
"1949",0,0,32,1
"1950",0,0,20,1
"1951",1,1,27,0
"1952",1,0,48,1
"1953",1,0,35,0
"1954",0,0,54,1
"1955",0,0,22,1
"1956",0,0,25,0
"1957",1,0,69,1
"1958",0,0,67,1
"1959",1,0,63,1
"1960",1,0,53,0
"1961",0,0,39,1
"1962",1,0,42,1
"1963",1,0,40,1
"1964",0,0,63,1
"1965",1,0,37,1
"1966",0,0,65,1
"1967",1,0,33,1
"1968",1,0,30,1
"1969",0,0,25,1
"1970",0,0,30,0
"1971",1,0,43,1
"1972",0,0,69,1
"1973",0,0,37,1
"1974",0,0,21,0
"1975",0,0,79,1
"1976",1,0,77,1
"1977",0,0,38,1
"1978",0,0,33,1
"1979",0,0,32,0
"1980",0,0,25,1
"1981",0,0,50,1
"1982",1,0,36,1
"1983",0,0,82,1
"1984",1,0,41,1
"1985",1,0,75,1
"1986",1,0,43,1
"1987",0,0,35,1
"1988",1,0,72,1
"1989",0,0,30,1
"1990",1,0,50,1
"1991",0,1,45,0
"1992",0,0,43,1
"1993",0,0,36,0
"1994",1,0,41,1
"1995",0,0,57,0
"1996",1,0,32,0
"1997",0,0,24,1
"1998",0,0,39,1
"1999",1,0,84,1
"2000",1,1,47,1
"2001",1,0,48,0
"2002",1,0,69,0
"2003",1,0,30,1
"2004",0,0,51,1
"2005",0,0,64,1
"2006",0,0,80,1
"2007",1,0,40,1
"2008",1,0,33,1
"2009",1,0,38,1
"2010",1,0,68,1
"2011",0,0,46,1
"2012",1,0,36,1
"2013",0,0,34,1
"2014",1,0,49,1
"2015",0,0,28,1
"2016",1,0,59,0
"2017",0,0,86,1
"2018",0,0,57,0
"2019",0,0,61,1
"2020",0,1,20,1
"2021",1,0,86,1
"2022",1,1,58,1
"2023",0,0,20,1
"2024",0,0,27,0
"2025",1,0,18,0
"2026",1,0,30,0
"2027",1,0,37,1
"2028",1,0,47,0
"2029",0,0,27,1
"2030",1,1,46,1
"2031",1,0,50,1
"2032",0,0,24,0
"2033",0,0,45,1
"2034",1,0,33,0
"2035",0,0,37,1
"2036",1,0,79,1
"2037",1,0,50,0
"2038",1,0,69,1
"2039",1,0,49,1
"2040",1,0,66,1
"2041",1,0,60,0
"2042",1,1,55,0
"2043",0,0,45,1
"2044",0,0,35,0
"2045",1,0,31,0
"2046",0,0,30,1
"2047",1,0,48,1
"2048",0,0,71,0
"2049",0,0,48,1
"2050",1,0,59,1
"2051",0,0,35,1
"2052",0,0,36,1
"2053",0,0,43,1
"2054",1,0,62,1
"2055",1,1,33,1
"2056",1,0,45,0
"2057",0,0,38,1
"2058",0,0,33,1
"2059",0,0,28,1
"2060",0,0,72,1
"2061",0,1,32,0
"2062",1,0,54,1
"2063",1,0,36,1
"2064",0,0,33,1
"2065",1,0,34,1
"2066",1,0,51,1
"2067",0,0,56,1
"2068",1,0,74,1
"2069",0,0,43,1
"2070",1,0,63,1
"2071",0,0,34,1
"2072",0,1,89,0
"2073",0,0,34,1
"2074",1,0,34,1
"2075",0,0,58,1
"2076",1,0,40,1
"2077",0,0,32,0
"2078",0,0,45,0
"2079",1,0,31,1
"2080",0,0,51,1
"2081",0,0,26,1
"2082",0,0,30,1
"2083",1,0,60,1
"2084",0,0,35,1
"2085",0,0,41,1
"2086",0,0,78,0
"2087",0,0,34,0
"2088",1,0,37,1
"2089",0,0,32,1
"2090",0,0,57,1
"2091",0,0,72,0
"2092",1,0,45,1
"2093",1,0,66,0
"2094",1,1,70,1
"2095",0,0,18,1
"2096",0,0,30,1
"2097",1,0,76,1
"2098",1,0,71,1
"2099",0,0,58,0
"2100",1,0,53,1
"2101",1,0,47,0
"2102",1,0,65,1
"2103",0,0,83,1
"2104",0,0,80,1
"2105",1,0,46,1
"2106",0,0,36,0
"2107",0,0,34,1
"2108",1,0,51,0
"2109",1,0,49,0
"2110",1,0,64,1
"2111",0,0,30,1
"2112",0,0,45,1
"2113",0,0,58,0
"2114",0,0,90,1
"2115",1,0,28,0
"2116",0,0,85,0
"2117",0,0,24,1
"2118",1,1,73,1
"2119",1,0,44,1
"2120",1,0,44,1
"2121",0,0,95,1
"2122",1,0,35,1
"2123",0,0,21,0
"2124",0,0,46,0
"2125",1,0,31,1
"2126",1,0,36,1
"2127",1,0,42,1
"2128",0,0,44,1
"2129",0,0,64,0
"2130",0,0,28,1
"2131",1,0,43,1
"2132",0,0,69,1
"2133",0,1,32,0
"2134",0,0,23,1
"2135",0,0,37,0
"2136",1,1,49,1
"2137",1,0,43,1
"2138",1,0,77,1
"2139",0,0,51,1
"2140",0,0,84,0
"2141",1,0,47,1
"2142",0,0,41,1
"2143",0,0,71,1
"2144",0,0,48,1
"2145",0,0,22,1
"2146",0,0,33,1
"2147",1,0,55,1
"2148",0,0,69,1
"2149",0,0,84,1
"2150",0,0,38,0
"2151",0,0,59,1
"2152",1,0,42,1
"2153",0,0,25,1
"2154",0,0,24,1
"2155",0,0,21,0
"2156",0,0,24,1
"2157",1,0,68,1
"2158",1,0,72,0
"2159",0,0,71,1
"2160",1,0,73,1
"2161",1,0,85,1
"2162",1,0,76,0
"2163",1,0,43,1
"2164",0,0,40,1
"2165",0,0,48,1
"2166",0,0,61,1
"2167",0,0,30,1
"2168",1,0,74,1
"2169",1,0,60,0
"2170",0,0,38,1
"2171",1,0,28,1
"2172",1,0,53,0
"2173",0,0,56,1
"2174",0,0,26,0
"2175",0,0,32,1
"2176",0,0,43,1
"2177",0,0,36,1
"2178",0,0,48,1
"2179",1,0,40,1
"2180",1,0,42,1
"2181",1,0,30,1
"2182",1,0,34,0
"2183",0,0,37,1
"2184",1,0,55,1
"2185",0,1,39,1
"2186",0,0,85,1
"2187",0,0,29,0
"2188",1,0,43,1
"2189",0,0,58,1
"2190",0,0,46,1
"2191",1,0,69,1
"2192",1,0,35,1
"2193",1,0,66,1
"2194",1,0,73,1
"2195",0,0,46,1
"2196",1,0,73,1
"2197",1,0,42,1
"2198",1,0,46,1
"2199",0,0,21,1
"2200",0,0,31,0
"2201",1,0,52,1
"2202",0,0,45,1
"2203",0,0,54,1
"2204",0,0,37,0
"2205",0,0,26,0
"2206",1,0,52,1
"2207",1,0,42,1
"2208",1,0,27,0
"2209",0,0,44,1
"2210",1,0,49,1
"2211",1,0,72,1
"2212",1,0,49,1
"2213",1,1,36,1
"2214",1,0,68,1
"2215",0,0,22,0
"2216",0,0,25,0
"2217",0,0,37,1
"2218",0,0,67,1
"2219",0,0,48,1
"2220",1,0,55,1
"2221",1,0,31,1
"2222",0,0,79,1
"2223",1,1,77,1
"2224",0,0,31,0
"2225",0,0,38,0
"2226",0,0,40,1
"2227",1,0,46,1
"2228",0,0,44,0
"2229",0,0,62,1
"2230",0,1,57,1
"2231",0,0,29,1
"2232",1,0,74,1
"2233",0,0,35,1
"2234",0,0,29,1
"2235",1,0,76,1
"2236",1,0,75,0
"2237",1,0,49,1
"2238",0,0,38,1
"2239",1,0,56,0
"2240",0,0,42,1
"2241",0,0,58,1
"2242",0,0,51,1
"2243",1,0,61,1
"2244",1,0,80,1
"2245",1,0,71,1
"2246",0,0,18,0
"2247",1,0,86,1
"2248",0,0,46,1
"2249",0,0,87,1
"2250",0,0,23,1
"2251",0,1,58,0
"2252",1,1,39,1
"2253",0,0,83,1
"2254",0,0,39,1
"2255",0,0,35,0
"2256",1,0,27,1
"2257",0,0,33,1
"2258",1,0,42,1
"2259",0,0,34,0
"2260",1,0,85,1
"2261",0,0,47,1
"2262",0,0,59,0
"2263",0,0,53,1
"2264",1,1,52,0
"2265",0,0,63,0
"2266",0,0,44,0
"2267",1,0,51,1
"2268",0,0,23,1
"2269",0,0,25,0
"2270",0,1,78,1
"2271",0,0,55,1
"2272",1,1,78,1
"2273",0,0,33,0
"2274",1,1,78,1
"2275",1,1,56,1
"2276",0,0,35,1
"2277",0,0,59,1
"2278",0,0,28,1
"2279",1,0,24,1
"2280",0,0,79,0
"2281",1,0,32,1
"2282",1,1,61,1
"2283",1,0,52,1
"2284",0,0,55,1
"2285",0,0,50,1
"2286",0,1,50,1
"2287",1,0,73,0
"2288",1,0,82,1
"2289",1,0,28,1
"2290",1,0,41,1
"2291",1,1,54,1
"2292",0,0,46,1
"2293",1,0,78,1
"2294",1,0,79,1
"2295",1,0,33,1
"2296",0,0,77,1
"2297",1,0,87,1
"2298",1,0,28,1
"2299",1,0,82,1
"2300",1,0,29,1
"2301",0,0,63,1
"2302",1,0,36,1
"2303",0,0,84,1
"2304",1,0,33,1
"2305",0,0,54,1
"2306",0,0,55,0
"2307",0,0,67,1
"2308",0,0,44,0
"2309",1,0,37,1
"2310",1,0,53,1
"2311",1,0,68,1
"2312",1,0,40,1
"2313",1,0,30,0
"2314",0,0,36,1
"2315",0,0,21,0
"2316",0,0,32,1
"2317",0,1,80,0
"2318",1,0,57,0
"2319",1,0,43,1
"2320",0,0,21,0
"2321",0,0,26,0
"2322",1,0,83,1
"2323",0,0,28,0
"2324",1,0,33,1
"2325",0,0,40,1
"2326",1,0,54,1
"2327",0,0,40,0
"2328",1,0,58,1
"2329",1,0,81,1
"2330",0,0,59,0
"2331",1,0,69,1
"2332",1,0,44,1
"2333",0,0,31,1
"2334",0,0,38,1
"2335",0,0,24,1
"2336",0,0,39,0
"2337",0,0,37,1
"2338",1,0,83,0
"2339",0,0,19,0
"2340",0,0,63,0
"2341",0,0,36,0
"2342",1,0,63,1
"2343",1,0,43,1
"2344",0,0,33,0
"2345",1,0,43,1
"2346",0,0,39,0
"2347",1,0,43,1
"2348",0,0,35,1
"2349",0,0,36,1
"2350",1,0,53,1
"2351",1,0,24,1
"2352",1,1,42,1
"2353",1,0,75,1
"2354",1,0,38,1
"2355",0,0,70,1
"2356",0,0,53,0
"2357",0,0,28,1
"2358",0,0,34,1
"2359",1,0,74,0
"2360",1,0,38,0
"2361",1,0,83,1
"2362",1,0,65,1
"2363",1,0,81,0
"2364",0,0,20,1
"2365",0,0,33,1
"2366",1,0,46,1
"2367",1,0,75,1
"2368",0,0,83,1
"2369",0,0,35,1
"2370",0,0,33,1
"2371",1,0,49,1
"2372",1,0,73,1
"2373",0,0,35,1
"2374",0,0,51,1
"2375",1,0,33,1
"2376",0,0,21,0
"2377",0,0,80,0
"2378",1,0,71,1
"2379",0,0,53,1
"2380",0,0,36,0
"2381",0,0,20,0
"2382",0,0,25,1
"2383",1,0,57,1
"2384",0,0,19,0
"2385",1,0,50,1
"2386",1,1,38,1
"2387",1,0,62,1
"2388",0,0,51,1
"2389",0,0,33,0
"2390",0,0,33,1
"2391",0,0,29,1
"2392",1,1,81,1
"2393",0,0,40,1
"2394",1,1,70,1
"2395",0,0,49,0
"2396",1,0,56,0
"2397",1,0,82,1
"2398",1,0,40,0
"2399",0,0,50,1
"2400",0,0,75,1
"2401",1,1,35,1
"2402",0,0,36,0
"2403",0,0,78,1
"2404",1,0,57,1
"2405",1,0,82,1
"2406",0,0,24,1
"2407",1,1,65,1
"2408",0,0,32,1
"2409",0,0,83,1
"2410",1,1,38,1
"2411",1,0,48,1
"2412",1,0,51,1
"2413",0,0,21,1
"2414",1,0,49,1
"2415",1,0,89,1
"2416",1,0,34,1
"2417",0,0,28,1
"2418",0,0,49,1
"2419",0,1,39,0
"2420",1,0,52,0
"2421",0,0,73,0
"2422",1,0,68,1
"2423",0,0,86,0
"2424",1,1,85,1
"2425",0,0,46,1
"2426",0,0,71,1
"2427",0,0,85,0
"2428",0,0,45,0
"2429",0,0,47,1
"2430",1,0,57,1
"2431",0,0,40,1
"2432",1,0,45,1
"2433",0,1,97,1
"2434",1,0,49,0
"2435",1,0,70,1
"2436",0,0,28,1
"2437",0,0,83,1
"2438",1,0,52,0
"2439",1,0,93,1
"2440",1,0,39,1
"2441",0,0,74,1
"2442",1,0,43,0
"2443",1,0,32,1
"2444",1,0,74,1
"2445",1,0,40,1
"2446",0,0,34,1
"2447",1,0,78,1
"2448",1,0,63,0
"2449",1,0,60,1
"2450",0,0,47,1
"2451",1,0,80,0
"2452",0,0,24,1
"2453",1,0,53,1
"2454",1,0,38,1
"2455",1,0,44,1
"2456",0,1,63,1
"2457",0,0,45,1
"2458",1,0,32,1
"2459",0,0,36,1
"2460",1,0,35,0
"2461",0,0,40,0
"2462",0,0,36,1
"2463",0,0,62,1
"2464",1,0,78,1
"2465",0,0,23,0
"2466",0,0,60,1
"2467",0,0,37,1
"2468",0,0,35,1
"2469",0,0,93,1
"2470",1,0,49,1
"2471",1,0,46,0
"2472",1,0,51,1
"2473",0,0,69,1
"2474",0,0,25,0
"2475",0,0,81,1
"2476",0,0,51,0
"2477",0,0,45,1
"2478",1,0,47,1
"2479",1,0,46,1
"2480",1,0,29,1
"2481",0,0,45,1
"2482",0,0,38,0
"2483",1,1,78,1
"2484",1,0,34,1
"2485",0,0,57,0
"2486",0,0,32,0
"2487",1,0,42,1
"2488",0,0,73,1
"2489",0,0,29,1
"2490",0,0,31,1
"2491",0,0,35,1
"2492",0,0,21,0
"2493",0,0,53,1
"2494",0,0,52,1
"2495",0,0,24,0
"2496",1,0,57,0
"2497",0,0,28,0
"2498",0,0,26,1
"2499",1,0,44,1
"2500",0,0,59,0
"2501",0,0,23,1
"2502",0,0,31,1
"2503",1,0,37,1
"2504",1,0,44,1
"2505",0,0,28,1
"2506",1,0,28,1
"2507",1,0,76,1
"2508",0,0,29,1
"2509",0,0,26,0
"2510",1,0,29,0
"2511",1,0,60,1
"2512",1,0,34,0
"2513",0,0,25,1
"2514",0,0,49,1
"2515",0,0,29,0
"2516",1,0,30,0
"2517",1,0,77,0
"2518",1,0,69,1
"2519",1,0,54,1
"2520",1,0,39,1
"2521",1,0,44,1
"2522",0,0,27,1
"2523",1,0,54,0
"2524",0,0,58,1
"2525",1,0,35,0
"2526",1,0,35,1
"2527",0,0,52,1
"2528",1,0,42,1
"2529",1,0,71,1
"2530",0,0,23,0
"2531",1,0,37,1
"2532",1,0,32,0
"2533",0,0,49,1
"2534",0,0,59,0
"2535",1,0,36,0
"2536",1,0,75,1
"2537",1,0,27,0
"2538",1,0,56,1
"2539",1,0,61,1
"2540",1,0,53,0
"2541",1,0,58,1
"2542",1,0,63,1
"2543",1,0,52,1
"2544",1,0,71,1
"2545",0,0,45,0
"2546",0,0,47,1
"2547",0,0,32,1
"2548",0,0,34,1
"2549",1,0,71,1
"2550",1,0,61,0
"2551",0,0,26,1
"2552",0,1,21,1
"2553",0,0,72,0
"2554",1,1,51,1
"2555",1,0,70,1
"2556",0,1,42,1
"2557",1,0,41,1
"2558",0,0,45,1
"2559",0,0,40,1
"2560",0,0,27,0
"2561",1,0,89,1
"2562",1,0,49,1
"2563",0,0,44,1
"2564",0,0,39,1
"2565",0,0,26,0
"2566",0,0,69,1
"2567",1,0,29,1
"2568",1,0,43,1
"2569",0,0,35,0
"2570",1,0,54,1
"2571",0,0,45,1
"2572",0,0,60,1
"2573",0,0,30,1
"2574",1,0,70,1
"2575",1,0,56,1
"2576",0,0,32,0
"2577",0,0,39,1
"2578",0,0,37,1
"2579",0,1,82,1
"2580",1,1,68,1
"2581",0,0,47,0
"2582",1,0,34,1
"2583",0,0,37,1
"2584",1,0,29,1
"2585",0,0,33,0
"2586",1,0,66,1
"2587",1,0,39,0
"2588",0,0,19,1
"2589",0,0,76,0
"2590",1,0,82,1
"2591",1,0,37,1
"2592",0,0,57,1
"2593",1,0,58,1
"2594",1,1,79,1
"2595",1,0,49,1
"2596",0,0,39,1
"2597",0,0,43,1
"2598",1,0,55,1
"2599",0,0,22,0
"2600",0,0,66,1
"2601",1,0,62,1
"2602",0,0,54,1
"2603",1,0,36,1
"2604",0,0,33,1
"2605",1,0,36,0
"2606",0,0,37,0
"2607",0,0,51,1
"2608",0,0,29,1
"2609",0,0,42,1
"2610",1,0,67,0
"2611",0,0,39,1
"2612",1,0,62,1
"2613",1,0,47,1
"2614",0,0,38,1
"2615",1,0,21,0
"2616",1,0,41,1
"2617",0,0,68,1
"2618",0,0,37,1
"2619",0,0,31,1
"2620",0,0,37,1
"2621",1,0,31,1
"2622",0,0,47,1
"2623",0,0,41,0
"2624",0,0,76,1
"2625",0,0,91,1
"2626",1,0,75,0
"2627",1,0,80,0
"2628",1,0,34,1
"2629",0,0,37,1
"2630",1,0,42,1
"2631",1,0,85,1
"2632",0,0,30,0
"2633",0,0,32,0
"2634",1,1,61,1
"2635",1,0,69,1
"2636",1,0,72,1
"2637",1,0,88,1
"2638",0,0,80,1
"2639",0,0,45,1
"2640",1,0,79,0
"2641",0,0,79,0
"2642",1,0,66,1
"2643",0,0,63,1
"2644",0,0,66,0
"2645",1,0,76,1
"2646",0,0,57,1
"2647",0,0,78,1
"2648",0,0,52,1
"2649",1,0,45,1
"2650",0,0,28,0
"2651",1,0,54,1
"2652",0,0,46,1
"2653",1,0,44,0
"2654",0,0,32,1
"2655",1,0,52,1
"2656",0,0,48,1
"2657",0,0,37,0
"2658",0,0,76,0
"2659",1,0,45,1
"2660",0,0,59,1
"2661",0,0,45,1
"2662",1,0,81,0
"2663",1,0,48,1
"2664",1,0,39,1
"2665",1,0,38,1
"2666",0,0,56,1
"2667",0,0,33,1
"2668",0,0,44,1
"2669",0,0,33,1
"2670",1,0,74,1
"2671",0,0,25,1
"2672",0,0,25,0
"2673",0,0,79,1
"2674",1,0,38,0
"2675",1,0,57,1
"2676",0,0,34,1
"2677",0,0,47,1
"2678",1,0,81,1
"2679",0,0,51,1
"2680",0,0,34,1
"2681",1,0,34,0
"2682",1,0,51,0
"2683",1,0,56,1
"2684",1,0,28,1
"2685",0,0,30,0
"2686",0,0,82,1
"2687",0,0,76,1
"2688",0,0,94,0
"2689",0,0,41,1
"2690",1,0,63,1
"2691",0,0,34,1
"2692",1,0,46,1
"2693",0,0,54,0
"2694",1,0,60,1
"2695",0,0,33,0
"2696",1,0,30,1
"2697",1,0,62,1
"2698",1,0,55,1
"2699",0,0,27,1
"2700",0,0,60,1
"2701",0,0,30,1
"2702",0,0,27,0
"2703",0,0,40,1
"2704",1,0,50,1
"2705",0,0,32,1
"2706",1,0,42,0
"2707",1,0,48,1
"2708",0,0,34,1
"2709",0,0,79,1
"2710",1,0,54,1
"2711",0,0,40,1
"2712",0,0,25,0
"2713",1,0,84,1
"2714",0,0,26,0
"2715",0,0,49,1
"2716",0,0,82,0
"2717",1,0,34,1
"2718",1,0,35,1
"2719",1,0,66,1
"2720",1,0,73,1
"2721",1,1,36,1
"2722",0,0,70,1
"2723",1,0,42,1
"2724",0,0,79,0
"2725",1,0,41,1
"2726",1,0,25,1
"2727",1,0,57,1
"2728",0,0,45,1
"2729",0,0,29,1
"2730",1,0,36,1
"2731",1,0,76,1
"2732",0,0,86,1
"2733",1,0,50,1
"2734",1,0,41,0
"2735",1,0,32,1
"2736",0,0,37,1
"2737",0,0,75,0
"2738",1,0,68,0
"2739",1,0,45,0
"2740",0,0,55,1
"2741",1,0,71,1
"2742",0,0,26,0
"2743",1,0,40,1
"2744",0,0,84,1
"2745",1,0,83,1
"2746",0,1,40,0
"2747",0,0,78,1
"2748",1,0,69,1
"2749",1,0,53,1
"2750",0,0,51,1
"2751",0,0,33,1
"2752",0,0,45,1
"2753",0,0,26,0
"2754",0,0,55,1
"2755",0,1,20,0
"2756",1,1,52,1
"2757",0,0,52,1
"2758",1,0,87,1
"2759",1,0,26,1
"2760",1,0,36,1
"2761",0,0,33,1
"2762",0,0,88,1
"2763",0,0,22,1
"2764",0,0,56,1
"2765",1,0,33,0
"2766",0,1,38,0
"2767",1,0,38,1
"2768",1,1,41,0
"2769",1,0,21,0
"2770",0,0,43,1
"2771",1,0,76,0
"2772",0,0,33,1
"2773",0,0,24,0
"2774",1,0,29,1
"2775",0,0,40,1
"2776",1,0,45,1
"2777",1,0,36,0
"2778",0,0,37,1
"2779",0,0,50,1
"2780",1,0,44,1
"2781",1,0,39,0
"2782",0,0,52,0
"2783",0,0,44,0
"2784",0,0,67,1
"2785",1,0,36,1
"2786",0,0,37,1
"2787",0,0,37,1
"2788",1,0,53,1
"2789",0,0,75,1
"2790",0,0,46,1
"2791",1,0,39,1
"2792",0,0,65,0
"2793",0,0,62,0
"2794",0,0,59,1
"2795",0,0,21,1
"2796",1,0,33,1
"2797",1,1,36,0
"2798",0,0,52,1
"2799",1,0,29,1
"2800",0,1,87,1
"2801",1,0,48,1
"2802",0,0,64,1
"2803",1,0,44,1
"2804",0,0,33,1
"2805",0,0,46,1
"2806",0,0,43,1
"2807",1,0,79,1
"2808",1,1,46,1
"2809",0,0,39,0
"2810",0,0,36,1
"2811",0,0,48,0
"2812",0,0,28,1
"2813",0,0,37,1
"2814",0,0,54,1
"2815",1,0,48,1
"2816",1,0,91,1
"2817",0,0,75,0
"2818",0,0,30,1
"2819",0,1,50,1
"2820",0,0,37,0
"2821",1,0,63,1
"2822",0,0,79,1
"2823",1,0,77,1
"2824",0,0,26,0
"2825",0,0,39,1
"2826",1,0,43,1
"2827",0,0,30,0
"2828",1,1,70,0
"2829",0,0,61,1
"2830",0,0,35,1
"2831",1,0,73,1
"2832",1,0,43,0
"2833",1,0,38,1
"2834",0,0,31,1
"2835",1,0,55,1
"2836",1,0,76,1
"2837",0,0,49,0
"2838",1,0,78,1
"2839",1,0,83,1
"2840",1,0,34,1
"2841",1,0,87,1
"2842",1,0,66,1
"2843",0,0,49,1
"2844",0,0,32,0
"2845",0,0,49,0
"2846",0,0,54,1
"2847",0,0,30,0
"2848",0,0,76,1
"2849",0,0,38,1
"2850",1,0,42,1
"2851",0,0,24,1
"2852",0,0,25,0
"2853",1,0,26,1
"2854",0,0,26,0
"2855",0,0,25,0
"2856",1,0,59,1
"2857",1,0,57,1
"2858",0,0,46,1
"2859",1,0,31,0
"2860",0,0,24,1
"2861",0,0,38,1
"2862",0,0,45,1
"2863",0,0,33,0
"2864",0,0,43,0
"2865",1,0,39,0
"2866",1,0,79,1
"2867",0,0,30,1
"2868",1,0,64,1
"2869",0,0,27,1
"2870",0,0,28,1
"2871",0,0,36,1
"2872",1,0,43,1
"2873",1,0,51,0
"2874",0,0,59,1
"2875",0,0,45,0
"2876",0,0,32,1
"2877",0,0,44,1
"2878",1,0,67,0
"2879",1,0,67,1
"2880",0,0,85,1
"2881",0,0,38,1
"2882",0,0,35,1
"2883",0,0,79,1
"2884",1,0,28,1
"2885",0,0,31,1
"2886",1,1,23,0
"2887",0,0,45,1
"2888",0,0,27,0
"2889",1,0,81,1
"2890",0,0,35,1
"2891",0,0,52,1
"2892",1,0,34,1
"2893",0,0,26,0
"2894",0,0,66,0
"2895",0,0,72,1
"2896",1,0,45,0
"2897",1,0,77,1
"2898",1,0,81,1
"2899",1,0,32,0
"2900",1,0,43,0
"2901",0,0,29,0
"2902",1,0,35,1
"2903",0,0,24,1
"2904",0,0,36,0
"2905",1,0,52,1
"2906",1,1,72,1
"2907",0,0,27,0
"2908",0,0,57,1
"2909",1,0,35,0
"2910",1,0,53,1
"2911",0,0,31,1
"2912",1,0,78,1
"2913",1,0,55,1
"2914",0,0,35,0
"2915",0,0,29,0
"2916",0,0,41,1
"2917",1,0,58,0
"2918",0,0,70,1
"2919",0,0,48,0
"2920",0,0,71,1
"2921",0,0,78,1
"2922",1,0,47,1
"2923",1,0,91,1
"2924",1,0,84,1
"2925",0,0,80,1
"2926",1,0,69,1
"2927",1,0,41,1
"2928",0,0,30,1
"2929",1,0,84,1
"2930",0,0,29,1
"2931",1,0,45,1
"2932",0,0,63,1
"2933",0,0,65,1
"2934",0,0,77,1
"2935",0,1,84,1
"2936",0,0,59,0
"2937",1,0,40,0
"2938",1,0,30,1
"2939",1,0,35,1
"2940",0,0,38,1
"2941",0,0,77,0
"2942",0,0,19,0
"2943",1,0,53,1
"2944",0,0,96,1
"2945",1,0,75,1
"2946",0,0,26,1
"2947",0,0,19,1
"2948",0,0,30,1
"2949",0,0,35,1
"2950",0,0,35,0
"2951",1,0,61,1
"2952",0,0,21,0
"2953",0,0,79,1
"2954",0,0,34,1
"2955",1,0,40,1
"2956",0,0,27,1
"2957",1,0,48,1
"2958",1,1,34,1
"2959",0,0,29,1
"2960",0,0,34,1
"2961",0,0,41,1
"2962",1,0,69,0
"2963",0,1,76,1
"2964",0,0,36,0
"2965",1,0,43,1
"2966",0,0,75,1
"2967",0,0,38,1
"2968",1,0,49,1
"2969",0,0,63,0
"2970",0,0,31,0
"2971",1,0,79,1
"2972",1,0,65,1
"2973",0,0,55,1
"2974",0,0,25,0
"2975",1,0,38,1
"2976",0,0,50,1
"2977",0,0,63,1
"2978",0,0,63,1
"2979",0,0,76,1
"2980",0,0,86,1
"2981",0,0,50,0
"2982",1,0,52,1
"2983",0,0,57,1
"2984",0,0,43,0
"2985",1,0,32,0
"2986",0,0,72,0
"2987",1,0,50,1
"2988",0,0,32,1
"2989",0,0,83,0
"2990",1,0,49,1
"2991",1,0,47,1
"2992",0,0,47,1
"2993",0,0,40,1
"2994",1,0,40,1
"2995",0,0,28,0
"2996",1,0,71,1
"2997",0,1,90,1
"2998",0,0,38,1
"2999",0,0,30,1
"3000",0,0,38,1
"3001",0,0,40,1
"3002",0,0,51,1
"3003",1,0,48,1
"3004",1,0,55,1
"3005",0,0,19,0
"3006",0,0,44,1
"3007",1,0,29,1
"3008",0,0,36,1
"3009",0,0,43,1
"3010",1,0,48,1
"3011",1,0,90,1
"3012",1,0,71,0
"3013",0,0,26,1
"3014",0,0,35,1
"3015",0,0,70,0
"3016",1,0,77,0
"3017",0,0,56,1
"3018",1,0,79,1
"3019",0,0,54,0
"3020",0,0,22,0
"3021",1,0,40,1
"3022",0,0,38,1
"3023",0,0,45,1
"3024",1,0,57,1
"3025",0,0,46,0
"3026",1,0,38,1
"3027",1,0,43,1
"3028",0,0,74,1
"3029",0,0,43,0
"3030",1,0,47,1
"3031",1,0,41,1
"3032",1,1,71,1
"3033",0,0,53,0
"3034",0,0,89,1
"3035",1,0,81,1
"3036",1,0,60,1
"3037",0,0,63,1
"3038",0,0,44,0
"3039",0,0,27,0
"3040",0,0,31,0
"3041",0,0,29,1
"3042",0,0,41,1
"3043",0,0,23,1
"3044",0,0,41,1
"3045",1,0,58,1
"3046",0,0,56,1
"3047",1,0,51,1
"3048",0,0,79,0
"3049",0,0,83,1
"3050",0,0,43,0
"3051",1,0,53,1
"3052",0,0,26,1
"3053",0,0,68,0
"3054",0,0,67,0
"3055",0,0,46,1
"3056",0,0,26,1
"3057",1,0,56,0
"3058",1,0,60,1
"3059",1,0,51,1
"3060",1,0,45,1
"3061",0,0,49,1
"3062",0,0,26,1
"3063",0,0,58,0
"3064",1,0,48,1
"3065",0,0,30,0
"3066",1,0,64,1
"3067",1,0,37,1
"3068",0,0,28,0
"3069",1,0,72,1
"3070",0,0,30,0
"3071",0,0,34,0
"3072",0,0,56,1
"3073",1,0,65,1
"3074",0,0,26,1
"3075",0,0,71,1
"3076",1,0,43,1
"3077",0,0,27,0
"3078",1,0,40,1
"3079",0,0,53,1
"3080",0,0,30,1
"3081",0,0,38,1
"3082",1,0,37,0
"3083",0,0,35,1
"3084",0,0,47,0
"3085",0,0,37,0
"3086",0,0,39,1
"3087",1,0,51,1
"3088",1,0,45,0
"3089",1,0,32,1
"3090",1,0,78,1
"3091",1,0,82,0
"3092",1,0,46,1
"3093",1,0,74,1
"3094",0,0,52,1
"3095",1,0,41,0
"3096",0,0,25,0
"3097",0,0,34,1
"3098",0,0,65,0
"3099",1,0,40,1
"3100",1,0,50,1
"3101",0,0,59,1
"3102",1,0,47,1
"3103",1,0,67,1
"3104",1,0,80,1
"3105",0,0,30,0
"3106",0,0,35,0
"3107",1,0,48,1
"3108",1,0,74,1
"3109",1,0,69,1
"3110",1,0,41,1
"3111",0,0,35,1
"3112",1,0,20,1
"3113",0,0,57,0
"3114",1,0,49,1
"3115",1,0,58,1
"3116",1,0,74,1
"3117",1,0,76,1
"3118",1,0,27,1
"3119",0,1,62,1
"3120",1,0,46,1
"3121",1,1,41,1
"3122",1,0,59,1
"3123",1,0,65,1
"3124",1,0,47,1
"3125",0,0,74,1
"3126",0,0,34,1
"3127",0,0,79,0
"3128",0,0,21,1
"3129",1,1,81,1
"3130",1,1,69,1
"3131",1,0,47,1
"3132",0,0,60,1
"3133",0,0,45,1
"3134",0,0,33,1
"3135",0,0,35,1
"3136",0,0,31,0
"3137",0,0,64,1
"3138",1,0,80,1
"3139",1,0,54,0
"3140",1,0,35,1
"3141",1,0,42,1
"3142",1,0,87,1
"3143",1,0,46,1
"3144",0,0,46,1
"3145",0,0,85,0
"3146",0,0,81,0
"3147",1,0,75,0
"3148",1,0,19,1
"3149",0,0,50,1
"3150",1,0,53,0
"3151",1,0,30,1
"3152",1,0,80,1
"3153",0,0,58,0
"3154",0,0,66,1
"3155",1,0,55,1
"3156",0,0,22,1
"3157",0,1,44,0
"3158",1,0,49,1
"3159",1,0,40,1
"3160",0,0,84,1
"3161",0,0,62,1
"3162",1,0,36,1
"3163",0,0,25,1
"3164",0,0,20,0
"3165",1,0,52,1
"3166",1,0,33,1
"3167",0,0,44,1
"3168",1,0,70,1
"3169",0,0,35,1
"3170",1,0,82,1
"3171",0,0,32,1
"3172",0,0,22,1
"3173",1,0,52,1
"3174",0,0,41,1
"3175",1,0,79,1
"3176",0,0,65,1
"3177",1,0,63,1
"3178",1,0,31,1
"3179",0,0,23,0
"3180",0,0,27,1
"3181",1,0,86,1
"3182",0,0,44,0
"3183",1,0,31,1
"3184",0,0,83,1
"3185",1,1,33,1
"3186",1,0,78,1
"3187",1,0,66,1
"3188",0,0,78,0
"3189",0,0,61,1
"3190",0,0,63,1
"3191",0,1,48,1
"3192",0,0,82,1
"3193",1,0,56,1
"3194",0,0,46,1
"3195",1,0,33,1
"3196",0,0,36,0
"3197",1,0,45,1
"3198",0,0,43,1
"3199",0,0,34,1
"3200",0,0,28,0
"3201",0,1,32,1
"3202",1,0,25,0
"3203",0,0,33,1
"3204",0,0,21,0
"3205",1,0,32,1
"3206",0,0,86,0
"3207",0,0,31,0
"3208",0,0,46,0
"3209",1,1,44,1
"3210",1,0,50,1
"3211",0,0,85,1
"3212",1,0,86,0
"3213",0,0,28,1
"3214",0,0,24,0
"3215",0,0,24,1
"3216",0,0,36,0
"3217",0,0,65,1
"3218",1,0,53,0
"3219",1,0,59,0
"3220",0,0,28,1
"3221",0,0,22,0
"3222",1,0,67,1
"3223",0,0,42,1
"3224",0,0,46,1
"3225",1,0,25,0
"3226",0,0,65,1
"3227",1,0,82,1
"3228",1,0,71,1
"3229",0,0,37,1
"3230",1,0,42,0
"3231",1,1,32,1
"3232",0,0,84,1
"3233",0,0,79,1
"3234",1,0,43,1
"3235",1,0,49,1
"3236",1,1,51,1
"3237",0,0,33,1
"3238",0,0,31,1
"3239",1,0,51,1
"3240",0,0,50,0
"3241",1,0,38,0
"3242",0,0,68,1
"3243",1,0,75,1
"3244",0,0,52,0
"3245",0,0,33,0
"3246",1,0,84,0
"3247",0,0,51,1
"3248",0,0,33,1
"3249",0,0,20,0
"3250",0,0,62,0
"3251",1,0,57,1
"3252",1,0,59,0
"3253",0,0,41,1
"3254",1,0,72,1
"3255",0,0,48,1
"3256",0,0,81,1
"3257",0,0,38,1
"3258",0,0,47,1
"3259",0,0,32,0
"3260",0,0,54,1
"3261",0,0,46,0
"3262",1,0,23,1
"3263",1,0,50,1
"3264",1,0,91,1
"3265",0,0,42,1
"3266",0,0,25,0
"3267",0,0,39,1
"3268",0,0,21,0
"3269",0,0,21,0
"3270",0,0,31,1
"3271",0,0,52,1
"3272",0,0,86,1
"3273",1,0,90,1
"3274",1,0,42,0
"3275",0,0,73,1
"3276",1,0,41,1
"3277",0,1,35,1
"3278",0,0,69,1
"3279",0,0,29,0
"3280",0,0,37,1
"3281",0,0,32,1
"3282",1,1,59,1
"3283",0,0,30,1
"3284",0,0,52,1
"3285",0,0,28,0
"3286",1,0,32,1
"3287",0,0,49,1
"3288",1,0,50,1
"3289",1,0,27,0
"3290",0,0,40,0
"3291",1,1,76,1
"3292",1,1,70,1
"3293",1,0,49,1
"3294",0,0,22,0
"3295",1,0,60,1
"3296",0,0,42,1
"3297",1,0,38,1
"3298",1,0,64,1
"3299",0,0,36,1
"3300",1,1,44,1
"3301",1,0,85,1
"3302",0,0,36,1
"3303",1,0,29,1
"3304",0,1,50,1
"3305",1,0,93,1
"3306",1,0,77,1
"3307",1,0,32,1
"3308",1,0,51,1
"3309",1,0,38,1
"3310",0,0,66,1
"3311",0,0,49,1
"3312",0,0,39,1
"3313",0,0,37,1
"3314",0,0,68,1
"3315",0,0,33,1
"3316",0,0,34,0
"3317",1,0,34,1
"3318",1,1,32,1
"3319",0,0,19,1
"3320",1,0,36,1
"3321",0,0,49,0
"3322",0,0,30,0
"3323",0,0,37,1
"3324",0,0,65,0
"3325",1,0,77,1
"3326",0,0,80,1
"3327",0,0,35,0
"3328",0,0,35,1
"3329",0,0,64,1
"3330",1,0,81,0
"3331",0,0,57,1
"3332",0,0,22,0
"3333",1,0,29,1
"3334",0,0,38,1
"3335",0,0,65,1
"3336",0,0,42,1
"3337",1,0,21,0
"3338",0,0,33,1
"3339",1,1,67,1
"3340",1,0,88,1
"3341",0,0,39,0
"3342",1,0,38,1
"3343",1,0,46,1
"3344",0,0,46,1
"3345",0,0,68,1
"3346",0,0,71,1
"3347",1,1,60,0
"3348",1,0,60,1
"3349",0,0,77,1
"3350",1,1,57,1
"3351",0,0,53,1
"3352",0,0,21,1
"3353",1,0,86,1
"3354",0,0,90,1
"3355",1,0,47,1
"3356",1,0,24,1
"3357",1,0,29,1
"3358",0,0,42,1
"3359",0,0,40,1
"3360",0,0,42,1
"3361",1,0,47,1
"3362",1,0,50,1
"3363",0,0,33,1
"3364",0,0,51,1
"3365",0,0,46,1
"3366",0,0,40,1
"3367",1,0,75,0
"3368",1,0,37,1
"3369",0,0,56,1
"3370",1,0,19,0
"3371",1,0,29,0
"3372",1,0,76,1
"3373",0,0,51,1
"3374",0,0,69,0
"3375",0,0,82,1
"3376",0,0,26,0
"3377",1,0,79,0
"3378",1,0,27,0
"3379",1,1,80,0
"3380",1,0,68,1
"3381",1,0,91,0
"3382",1,0,56,1
"3383",1,0,60,1
"3384",1,0,47,0
"3385",0,0,75,0
"3386",1,0,37,1
"3387",0,0,30,0
"3388",0,0,66,1
"3389",0,0,37,1
"3390",1,0,47,1
"3391",1,0,37,1
"3392",0,0,31,1
"3393",0,0,19,0
"3394",0,0,55,1
"3395",1,0,85,1
"3396",1,0,47,1
"3397",0,0,72,0
"3398",0,0,43,1
"3399",0,0,35,0
"3400",0,0,75,1
"3401",1,0,76,1
"3402",0,0,24,0
"3403",0,0,48,0
"3404",1,0,54,1
"3405",1,0,50,1
"3406",0,0,65,1
"3407",1,0,81,1
"3408",1,0,84,1
"3409",1,0,82,1
"3410",1,0,32,1
"3411",0,0,30,1
"3412",0,0,32,1
"3413",0,0,47,0
"3414",1,0,70,1
"3415",1,0,52,1
"3416",0,0,29,0
"3417",1,0,41,1
"3418",1,0,40,1
"3419",0,0,28,1
"3420",0,0,55,1
"3421",0,0,25,1
"3422",0,0,38,1
"3423",1,0,76,0
"3424",1,0,74,1
"3425",0,0,44,1
"3426",0,0,39,1
"3427",0,0,27,0
"3428",0,0,39,1
"3429",1,0,48,1
"3430",0,0,35,1
"3431",1,0,49,1
"3432",1,0,78,1
"3433",1,0,49,1
"3434",0,0,38,1
"3435",1,0,57,1
"3436",0,0,88,0
"3437",1,0,53,0
"3438",1,0,76,0
"3439",0,0,29,1
"3440",1,0,78,0
"3441",0,0,55,0
"3442",1,0,49,1
"3443",0,0,60,1
"3444",1,0,70,1
"3445",0,0,60,1
"3446",0,0,52,0
"3447",1,0,35,0
"3448",1,0,45,1
"3449",1,0,27,0
"3450",0,0,69,1
"3451",0,0,29,0
"3452",1,0,41,1
"3453",0,0,30,0
"3454",0,0,27,0
"3455",1,0,35,1
"3456",1,0,50,1
"3457",0,0,40,1
"3458",1,0,45,1
"3459",1,0,25,1
"3460",0,0,41,0
"3461",1,0,72,0
"3462",0,0,29,1
"3463",1,0,39,1
"3464",0,0,69,1
"3465",1,1,76,1
"3466",1,0,43,0
"3467",0,0,88,0
"3468",1,0,64,0
"3469",1,1,45,0
"3470",1,0,51,1
"3471",0,0,57,0
"3472",0,0,46,1
"3473",1,0,36,0
"3474",0,0,40,1
"3475",0,0,30,0
"3476",0,0,84,1
"3477",0,0,24,1
"3478",1,0,76,0
"3479",0,0,54,0
"3480",0,0,40,0
"3481",0,0,21,0
"3482",0,0,24,1
"3483",0,0,28,1
"3484",0,1,36,1
"3485",1,0,80,1
"3486",0,0,40,0
"3487",1,0,46,1
"3488",0,0,58,1
"3489",0,0,54,0
"3490",0,0,71,1
"3491",1,0,74,0
"3492",1,0,46,0
"3493",1,0,54,1
"3494",0,0,53,1
"3495",0,0,49,1
"3496",0,0,31,0
"3497",1,0,81,1
"3498",0,0,27,1
"3499",0,0,65,1
"3500",1,1,61,1
"3501",0,0,47,1
"3502",1,0,84,1
"3503",0,0,59,1
"3504",0,0,83,1
"3505",0,0,93,1
"3506",1,0,35,0
"3507",0,0,48,1
"3508",1,0,62,0
"3509",0,0,32,1
"3510",1,0,54,1
"3511",0,0,42,1
"3512",0,0,31,1
"3513",0,0,28,1
"3514",0,1,35,0
"3515",0,0,30,1
"3516",0,0,33,1
"3517",1,0,40,0
"3518",1,0,60,1
"3519",0,0,30,0
"3520",0,1,36,1
"3521",1,0,28,0
"3522",0,0,42,0
"3523",1,0,49,1
"3524",0,0,52,1
"3525",1,0,78,1
"3526",1,0,59,1
"3527",0,1,52,1
"3528",1,0,68,1
"3529",0,0,69,1
"3530",1,0,54,0
"3531",1,0,69,1
"3532",1,1,75,1
"3533",1,0,51,1
"3534",0,0,30,1
"3535",0,0,47,1
"3536",0,0,69,1
"3537",0,0,37,1
"3538",0,0,21,1
"3539",1,0,24,0
"3540",0,0,28,0
"3541",1,0,74,1
"3542",1,0,37,0
"3543",0,0,31,1
"3544",0,0,51,0
"3545",1,0,55,1
"3546",1,0,65,1
"3547",1,0,40,0
"3548",0,0,41,1
"3549",1,0,71,1
"3550",0,0,46,0
"3551",1,0,87,1
"3552",0,1,45,0
"3553",0,0,38,1
"3554",0,0,60,1
"3555",0,0,57,1
"3556",0,0,76,1
"3557",1,0,48,1
"3558",0,0,26,1
"3559",0,0,68,0
"3560",1,0,93,1
"3561",1,0,34,0
"3562",0,0,64,0
"3563",0,0,64,1
"3564",1,0,74,1
"3565",0,0,36,1
"3566",0,0,20,1
"3567",1,0,48,1
"3568",1,0,58,1
"3569",1,0,85,0
"3570",0,0,38,1
"3571",1,0,89,1
"3572",1,0,63,1
"3573",1,0,87,1
"3574",1,0,65,1
"3575",1,0,53,1
"3576",0,0,30,1
"3577",0,0,41,1
"3578",1,0,52,1
"3579",0,0,28,1
"3580",1,0,67,1
"3581",1,0,48,1
"3582",1,0,76,1
"3583",0,0,40,1
"3584",1,0,65,1
"3585",1,1,34,1
"3586",0,0,51,1
"3587",1,0,51,1
"3588",0,1,39,0
"3589",1,0,68,0
"3590",1,0,56,1
"3591",1,0,76,0
"3592",0,0,49,1
"3593",1,0,39,1
"3594",1,0,45,1
"3595",0,0,45,1
"3596",0,0,37,1
"3597",1,0,71,1
"3598",1,0,70,1
"3599",0,0,64,1
"3600",0,0,63,1
"3601",1,0,53,1
"3602",0,0,84,0
"3603",1,0,53,1
"3604",0,0,26,0
"3605",0,0,28,0
"3606",1,0,39,0
"3607",0,0,88,1
"3608",0,0,22,0
"3609",0,0,41,0
"3610",1,0,28,1
"3611",0,0,31,1
"3612",0,1,35,1
"3613",1,1,40,1
"3614",1,0,53,0
"3615",0,0,40,0
"3616",0,1,26,1
"3617",0,0,23,0
"3618",0,0,87,1
"3619",0,0,41,1
"3620",1,1,71,1
"3621",0,0,50,1
"3622",0,0,37,0
"3623",0,0,31,0
"3624",0,0,82,1
"3625",0,0,52,0
"3626",1,0,45,0
"3627",1,0,49,0
"3628",1,1,82,1
"3629",0,0,24,0
"3630",0,0,45,1
"3631",0,0,34,1
"3632",0,0,21,0
"3633",1,0,45,0
"3634",1,0,41,1
"3635",0,0,21,1
"3636",0,0,70,1
"3637",0,0,43,1
"3638",0,0,28,0
"3639",0,0,55,1
"3640",1,0,41,1
"3641",1,0,77,1
"3642",0,0,24,1
"3643",0,0,45,1
"3644",0,0,32,1
"3645",0,0,24,1
"3646",0,0,34,0
"3647",0,0,85,1
"3648",0,0,26,0
"3649",1,0,48,1
"3650",1,0,18,0
"3651",0,0,52,1
"3652",1,0,70,1
"3653",0,0,21,1
"3654",0,0,22,1
"3655",0,0,36,0
"3656",0,0,32,1
"3657",0,0,84,1
"3658",1,0,92,1
"3659",0,0,47,1
"3660",1,0,42,1
"3661",1,1,32,1
"3662",1,0,55,1
"3663",1,0,58,1
"3664",0,0,26,0
"3665",0,0,77,1
"3666",1,0,36,0
"3667",0,1,56,1
"3668",1,0,42,1
"3669",0,0,46,1
"3670",0,0,35,1
"3671",1,0,80,1
"3672",0,0,55,1
"3673",1,0,33,1
"3674",1,1,40,1
"3675",0,0,33,0
"3676",0,0,30,1
"3677",0,0,43,1
"3678",0,0,48,1
"3679",1,0,35,1
"3680",1,0,43,1
"3681",1,0,20,0
"3682",0,0,68,1
"3683",1,0,69,1
"3684",0,0,59,0
"3685",0,0,33,1
"3686",0,0,31,1
"3687",0,0,63,1
"3688",1,0,73,1
"3689",0,0,27,1
"3690",1,0,36,1
"3691",1,0,62,1
"3692",0,0,25,0
"3693",0,0,46,0
"3694",0,0,31,1
"3695",1,0,27,0
"3696",0,0,43,0
"3697",0,0,44,1
"3698",1,0,40,1
"3699",1,0,41,1
"3700",1,0,90,1
"3701",0,0,34,1
"3702",1,0,52,1
"3703",0,0,36,0
"3704",1,1,31,0
"3705",0,0,22,0
"3706",1,0,30,1
"3707",0,0,41,0
"3708",1,0,45,1
"3709",1,1,71,1
"3710",0,0,40,1
"3711",0,0,26,1
"3712",0,0,25,1
"3713",0,0,32,0
"3714",0,0,21,1
"3715",0,0,73,1
"3716",1,0,46,1
"3717",1,0,84,1
"3718",0,0,40,1
"3719",0,0,18,0
"3720",1,0,75,1
"3721",1,0,25,1
"3722",0,0,58,1
"3723",1,0,29,1
"3724",1,0,61,0
"3725",0,0,25,0
"3726",1,0,53,0
"3727",1,0,52,1
"3728",0,0,67,1
"3729",1,1,42,0
"3730",1,0,50,1
"3731",1,1,85,0
"3732",1,0,35,1
"3733",0,0,78,0
"3734",0,0,19,0
"3735",0,0,30,1
"3736",0,0,51,0
"3737",0,0,22,0
"3738",1,0,76,1
"3739",0,0,39,1
"3740",0,0,92,1
"3741",1,0,37,1
"3742",1,0,47,1
"3743",1,1,84,1
"3744",1,0,75,0
"3745",1,0,78,0
"3746",1,0,42,0
"3747",0,0,69,1
"3748",0,0,31,1
"3749",0,0,43,0
"3750",1,0,54,1
"3751",0,0,76,1
"3752",1,0,49,1
"3753",1,0,51,1
"3754",0,0,34,0
"3755",1,0,84,1
"3756",0,0,29,1
"3757",1,0,51,0
"3758",1,0,74,1
"3759",0,0,94,1
"3760",1,0,54,1
"3761",0,0,32,1
"3762",1,0,28,1
"3763",0,0,27,0
"3764",1,0,67,0
"3765",0,0,73,1
"3766",1,0,82,1
"3767",1,0,35,0
"3768",1,0,84,1
"3769",0,0,30,1
"3770",0,0,58,1
"3771",0,0,75,1
"3772",0,0,28,0
"3773",1,0,42,1
"3774",0,0,32,1
"3775",1,0,61,1
"3776",0,0,73,1
"3777",0,0,34,1
"3778",0,0,27,0
"3779",0,0,81,1
"3780",0,0,36,1
"3781",1,0,40,0
"3782",0,0,70,1
"3783",1,0,71,1
"3784",1,1,85,0
"3785",0,0,49,1
"3786",0,0,31,1
"3787",1,0,65,1
"3788",1,0,41,0
"3789",0,0,65,1
"3790",1,1,87,1
"3791",1,0,49,1
"3792",1,0,64,1
"3793",0,0,39,1
"3794",0,0,76,1
"3795",0,0,48,1
"3796",0,0,74,1
"3797",1,0,44,1
"3798",1,0,38,1
"3799",0,0,61,1
"3800",1,0,34,1
"3801",0,0,31,1
"3802",1,0,57,1
"3803",1,0,76,1
"3804",0,0,46,0
"3805",1,0,78,1
"3806",0,0,26,1
"3807",0,0,83,1
"3808",0,0,54,1
"3809",0,0,51,1
"3810",1,0,36,1
"3811",0,1,55,1
"3812",1,0,77,0
"3813",0,0,65,1
"3814",1,0,28,1
"3815",0,0,49,0
"3816",1,0,75,1
"3817",0,0,30,1
"3818",0,0,50,1
"3819",1,0,46,1
"3820",1,0,40,1
"3821",0,0,24,0
"3822",1,0,38,1
"3823",0,0,61,1
"3824",0,1,74,0
"3825",0,0,52,1
"3826",0,0,34,1
"3827",1,0,64,1
"3828",0,0,29,1
"3829",0,0,40,1
"3830",1,0,50,1
"3831",0,0,79,1
"3832",0,0,23,0
"3833",0,0,31,0
"3834",0,0,54,1
"3835",1,0,75,1
"3836",1,0,72,1
"3837",1,0,44,0
"3838",0,0,22,0
"3839",1,0,72,1
"3840",0,0,48,0
"3841",1,0,37,1
"3842",1,0,65,1
"3843",1,0,82,0
"3844",0,0,71,1
"3845",1,0,76,0
"3846",1,0,34,1
"3847",1,0,33,0
"3848",0,0,57,1
"3849",0,0,58,1
"3850",1,0,83,0
"3851",0,0,74,1
"3852",1,0,59,0
"3853",0,0,43,1
"3854",1,0,58,1
"3855",0,0,41,1
"3856",0,0,79,1
"3857",0,0,62,1
"3858",0,0,72,1
"3859",1,0,78,1
"3860",1,0,70,1
"3861",1,0,82,0
"3862",0,0,19,0
"3863",0,0,33,0
"3864",0,0,37,0
"3865",1,0,44,1
"3866",0,0,64,1
"3867",1,0,68,1
"3868",0,0,34,1
"3869",0,0,34,1
"3870",1,0,50,1
"3871",0,0,66,1
"3872",0,0,21,0
"3873",1,0,79,0
"3874",1,0,30,0
"3875",1,0,26,0
"3876",1,0,78,1
"3877",0,0,36,0
"3878",0,0,68,1
"3879",0,0,62,1
"3880",0,0,20,1
"3881",0,0,27,0
"3882",0,0,51,0
"3883",0,0,26,0
"3884",1,0,48,0
"3885",0,1,96,1
"3886",1,0,79,1
"3887",0,0,26,1
"3888",0,0,28,1
"3889",0,0,71,1
"3890",1,0,35,1
"3891",1,0,49,1
"3892",1,0,42,1
"3893",0,0,53,0
"3894",1,0,35,1
"3895",0,0,27,1
"3896",0,0,40,1
"3897",1,0,40,0
"3898",1,0,52,0
"3899",0,1,85,1
"3900",0,0,63,1
"3901",1,0,39,1
"3902",0,0,32,0
"3903",1,0,69,1
"3904",1,0,51,1
"3905",0,0,36,1
"3906",0,0,34,1
"3907",0,0,51,1
"3908",1,0,62,1
"3909",0,0,45,1
"3910",0,0,30,1
"3911",0,0,32,1
"3912",0,1,32,1
"3913",1,0,41,1
"3914",1,0,46,0
"3915",1,0,35,1
"3916",0,0,77,1
"3917",0,0,21,1
"3918",0,0,23,1
"3919",1,0,51,0
"3920",0,0,28,1
"3921",1,0,38,1
"3922",1,0,49,1
"3923",1,0,43,0
"3924",0,0,81,1
"3925",1,0,81,1
"3926",1,0,59,1
"3927",1,0,73,1
"3928",0,0,64,0
"3929",1,1,55,1
"3930",1,0,43,1
"3931",0,0,45,0
"3932",1,0,41,1
"3933",0,0,48,0
"3934",1,0,34,1
"3935",0,0,31,0
"3936",0,0,39,1
"3937",0,0,21,1
"3938",0,0,45,1
"3939",0,0,48,1
"3940",1,0,63,1
"3941",1,0,72,0
"3942",0,0,28,0
"3943",0,0,44,1
"3944",0,0,34,0
"3945",0,0,24,0
"3946",1,0,38,1
"3947",1,0,56,1
"3948",0,0,33,0
"3949",0,0,36,1
"3950",0,0,23,1
"3951",1,0,47,1
"3952",1,0,66,0
"3953",1,0,74,0
"3954",0,0,35,1
"3955",0,0,78,1
"3956",0,0,25,0
"3957",0,0,31,0
"3958",0,0,73,0
"3959",1,0,51,1
"3960",0,0,74,1
"3961",1,0,82,0
"3962",1,0,45,0
"3963",0,0,31,0
"3964",1,0,50,0
"3965",0,0,25,0
"3966",0,1,68,0
"3967",0,0,22,1
"3968",0,0,35,1
"3969",0,0,36,1
"3970",1,0,29,0
"3971",1,0,82,1
"3972",0,0,25,1
"3973",0,0,58,1
"3974",1,0,29,1
"3975",0,0,62,0
"3976",0,0,33,1
"3977",0,0,27,1
"3978",0,0,35,1
"3979",0,0,41,1
"3980",1,0,42,1
"3981",0,0,66,1
"3982",1,0,40,1
"3983",0,0,30,0
"3984",0,0,72,1
"3985",0,0,27,0
"3986",1,0,42,1
"3987",0,0,28,1
"3988",0,0,24,1
"3989",0,0,76,1
"3990",0,0,46,1
"3991",0,0,49,1
"3992",0,0,92,1
"3993",0,0,47,1
"3994",0,0,80,1
"3995",0,0,33,1
"3996",0,0,36,1
"3997",0,0,25,1
"3998",1,0,52,1
"3999",0,0,35,0
"4000",1,0,50,1
"4001",0,0,68,1
"4002",0,0,42,1
"4003",1,0,75,1
"4004",0,0,27,0
"4005",1,0,73,1
"4006",1,0,40,1
"4007",1,0,59,1
"4008",0,0,20,0
"4009",0,0,44,1
"4010",0,0,57,0
"4011",0,0,36,0
"4012",1,0,71,1
"4013",1,0,40,1
"4014",0,0,36,1
"4015",1,0,31,1
"4016",0,0,32,1
"4017",0,0,46,0
"4018",0,0,47,1
"4019",0,0,56,1
"4020",0,0,36,1
"4021",1,0,62,0
"4022",0,0,20,1
"4023",0,0,31,1
"4024",0,0,36,1
"4025",0,0,33,1
"4026",0,0,21,1
"4027",0,0,34,1
"4028",0,0,27,1
"4029",0,0,48,1
"4030",0,0,65,1
"4031",0,0,52,0
"4032",0,0,39,1
"4033",1,0,32,0
"4034",0,0,26,1
"4035",1,0,67,1
"4036",1,0,31,0
"4037",0,0,57,1
"4038",0,0,37,0
"4039",0,1,46,1
"4040",1,0,40,1
"4041",1,0,71,1
"4042",1,0,64,1
"4043",0,0,33,0
"4044",0,0,19,1
"4045",0,1,36,1
"4046",0,0,90,0
"4047",0,0,30,0
"4048",0,1,46,1
"4049",1,0,36,1
"4050",1,0,41,1
"4051",0,0,29,0
"4052",0,0,68,0
"4053",1,0,34,1
"4054",1,0,33,1
"4055",0,0,32,1
"4056",0,0,45,1
"4057",0,0,51,1
"4058",0,0,42,1
"4059",0,0,76,0
"4060",0,0,22,0
"4061",0,0,48,1
"4062",1,0,74,1
"4063",1,0,48,1
"4064",0,0,43,1
"4065",1,0,74,1
"4066",1,0,91,0
"4067",0,0,55,1
"4068",0,0,60,1
"4069",0,0,80,1
"4070",1,0,56,1
"4071",1,0,69,1
"4072",1,0,70,1
"4073",1,0,71,1
"4074",0,0,38,1
"4075",1,0,25,0
"4076",0,0,23,1
"4077",1,1,42,1
"4078",1,0,48,1
"4079",0,0,27,1
"4080",0,0,50,1
"4081",0,0,23,1
"4082",1,0,65,1
"4083",1,0,71,1
"4084",0,0,69,1
"4085",1,0,78,1
"4086",1,0,60,1
"4087",1,0,53,1
"4088",1,0,36,1
"4089",0,0,42,0
"4090",0,0,83,1
"4091",0,0,45,1
"4092",0,0,30,0
"4093",0,0,27,1
"4094",0,0,20,0
"4095",0,0,41,0
"4096",1,0,50,1
"4097",0,0,46,0
"4098",1,0,38,1
"4099",0,0,28,1
"4100",0,1,78,1
"4101",1,0,64,1
"4102",1,0,28,0
"4103",0,0,22,0
"4104",1,1,86,0
"4105",1,0,55,1
"4106",1,0,49,1
"4107",1,0,77,0
"4108",0,0,36,0
"4109",1,0,44,1
"4110",1,0,82,1
"4111",1,0,51,1
"4112",0,0,36,0
"4113",1,0,50,1
"4114",0,0,78,1
"4115",1,0,82,1
"4116",0,0,62,0
"4117",0,0,32,1
"4118",0,0,40,0
"4119",0,0,94,0
"4120",0,0,23,1
"4121",0,0,54,1
"4122",1,0,51,1
"4123",0,0,55,0
"4124",1,0,78,0
"4125",0,0,56,1
"4126",1,0,57,1
"4127",0,0,27,0
"4128",0,0,69,1
"4129",0,0,21,0
"4130",0,0,65,1
"4131",0,0,34,1
"4132",1,0,88,0
"4133",0,0,44,0
"4134",0,0,39,1
"4135",1,0,28,1
"4136",0,0,43,1
"4137",0,0,24,0
"4138",0,0,36,1
"4139",0,0,83,1
"4140",1,0,82,1
"4141",1,0,80,1
"4142",1,0,75,1
"4143",1,0,61,1
"4144",0,0,29,1
"4145",0,0,42,1
"4146",1,0,36,1
"4147",0,0,69,1
"4148",1,0,25,1
"4149",1,0,46,1
"4150",1,0,31,0
"4151",0,0,35,1
"4152",1,0,78,1
"4153",0,0,32,1
"4154",0,0,41,1
"4155",0,0,31,1
"4156",0,0,32,1
"4157",0,0,28,0
"4158",1,0,22,1
"4159",0,0,56,1
"4160",1,0,58,1
"4161",1,0,80,1
"4162",1,0,60,1
"4163",1,0,57,1
"4164",1,0,38,1
"4165",1,0,25,1
"4166",0,0,27,0
"4167",1,0,39,1
"4168",0,0,32,1
"4169",0,0,35,1
"4170",1,0,25,1
"4171",1,0,91,1
"4172",0,0,57,1
"4173",1,0,74,1
"4174",0,1,44,1
"4175",0,0,25,0
"4176",0,1,69,1
"4177",0,0,48,1
"4178",0,0,77,1
"4179",0,0,82,1
"4180",1,0,37,1
"4181",0,0,86,1
"4182",1,0,47,1
"4183",1,0,59,1
"4184",1,0,37,1
"4185",1,0,64,1
"4186",1,0,65,1
"4187",0,0,21,1
"4188",0,0,83,1
"4189",0,0,53,0
"4190",0,0,82,1
"4191",0,0,61,1
"4192",1,1,34,1
"4193",1,0,66,1
"4194",1,0,67,1
"4195",0,0,35,1
"4196",0,0,22,1
"4197",0,0,83,0
"4198",0,0,78,1
"4199",0,0,31,1
"4200",0,0,76,1
"4201",1,0,86,1
"4202",0,0,33,0
"4203",1,0,57,1
"4204",0,0,30,1
"4205",1,0,34,1
"4206",0,0,82,1
"4207",1,0,48,0
"4208",1,0,60,1
"4209",0,0,24,1
"4210",0,0,56,1
"4211",0,1,25,1
"4212",0,0,28,1
"4213",0,0,38,1
"4214",0,0,47,1
"4215",0,0,29,1
"4216",0,0,37,0
"4217",1,0,72,0
"4218",0,0,49,1
"4219",0,0,81,1
"4220",1,1,40,1
"4221",0,0,45,0
"4222",1,0,83,0
"4223",0,0,33,0
"4224",0,0,33,0
"4225",1,0,40,1
"4226",1,0,38,1
"4227",1,0,57,1
"4228",1,0,45,1
"4229",1,1,27,1
"4230",1,0,41,1
"4231",0,0,27,1
"4232",1,0,46,0
"4233",0,0,44,1
"4234",0,0,57,1
"4235",0,0,66,1
"4236",0,0,46,0
"4237",1,0,75,0
"4238",0,0,40,0
"4239",1,0,22,0
"4240",1,0,48,1
"4241",0,0,77,1
"4242",0,0,45,1
"4243",0,0,41,1
"4244",0,0,62,0
"4245",1,0,87,1
"4246",1,0,95,1
"4247",0,0,57,1
"4248",0,0,30,0
"4249",1,0,36,1
"4250",0,0,39,1
"4251",1,0,40,0
"4252",1,0,43,1
"4253",0,0,34,1
"4254",1,0,71,1
"4255",1,0,36,1
"4256",0,0,45,1
"4257",1,0,39,1
"4258",1,0,88,0
"4259",0,0,75,1
"4260",0,0,29,0
"4261",0,0,31,1
"4262",0,0,50,0
"4263",1,0,72,1
"4264",1,0,50,0
"4265",1,0,81,0
"4266",0,0,61,1
"4267",0,0,55,0
"4268",1,0,34,1
"4269",1,0,25,1
"4270",1,0,76,1
"4271",1,0,35,0
"4272",0,0,37,0
"4273",0,0,40,0
"4274",1,0,28,1
"4275",0,0,18,0
"4276",1,0,33,1
"4277",0,0,72,0
"4278",0,0,37,1
"4279",0,0,21,0
"4280",0,1,60,0
"4281",0,0,26,0
"4282",1,0,56,1
"4283",0,0,29,1
"4284",1,0,82,1
"4285",0,0,80,1
"4286",0,0,32,0
"4287",1,0,40,1
"4288",0,0,44,0
"4289",0,0,42,0
"4290",1,0,28,0
"4291",0,0,27,1
"4292",1,0,53,1
"4293",0,0,50,0
"4294",0,0,18,1
"4295",0,0,19,1
"4296",1,0,83,1
"4297",0,0,49,1
"4298",1,0,86,1
"4299",0,0,37,1
"4300",1,0,66,1
"4301",1,0,33,1
"4302",0,0,42,1
"4303",0,0,77,1
"4304",0,0,28,0
"4305",0,0,30,1
"4306",1,0,36,1
"4307",0,0,36,0
"4308",1,0,34,0
"4309",0,0,39,1
"4310",0,0,26,0
"4311",1,0,59,1
"4312",1,0,43,0
"4313",0,0,55,1
"4314",0,0,73,1
"4315",1,0,49,0
"4316",0,0,27,0
"4317",0,0,65,1
"4318",1,0,64,1
"4319",1,0,71,1
"4320",0,0,73,1
"4321",0,0,43,1
"4322",0,0,35,1
"4323",0,0,43,0
"4324",0,0,46,1
"4325",1,0,35,1
"4326",0,0,47,1
"4327",1,0,69,1
"4328",0,0,45,0
"4329",0,0,64,1
"4330",1,0,65,1
"4331",1,0,20,0
"4332",1,0,65,1
"4333",1,0,83,1
"4334",1,0,75,1
"4335",0,0,40,0
"4336",0,0,37,0
"4337",0,0,78,1
"4338",0,0,28,1
"4339",1,1,30,0
"4340",1,0,36,1
"4341",1,0,50,1
"4342",0,1,32,0
"4343",1,0,68,1
"4344",0,1,65,1
"4345",0,0,42,1
"4346",0,0,56,1
"4347",1,0,34,1
"4348",0,0,40,0
"4349",1,0,69,1
"4350",0,0,41,1
"4351",1,0,56,1
"4352",1,1,42,1
"4353",0,0,43,1
"4354",0,0,50,0
"4355",1,0,41,1
"4356",0,0,29,1
"4357",1,1,64,1
"4358",0,0,32,0
"4359",0,0,30,1
"4360",1,0,35,1
"4361",0,0,46,0
"4362",0,0,55,1
"4363",0,0,42,0
"4364",1,0,49,1
"4365",0,0,32,1
"4366",1,0,44,1
"4367",1,0,47,1
"4368",0,0,45,1
"4369",1,0,49,1
"4370",1,0,91,1
"4371",0,0,32,1
"4372",0,0,63,1
"4373",0,0,33,0
"4374",1,1,67,1
"4375",1,0,44,0
"4376",0,0,26,0
"4377",0,0,23,0
"4378",0,0,29,1
"4379",1,0,47,1
"4380",0,0,32,1
"4381",0,0,26,1
"4382",1,0,19,0
"4383",1,0,41,1
"4384",0,0,37,0
"4385",0,0,77,1
"4386",1,0,42,1
"4387",0,0,25,0
"4388",0,0,62,1
"4389",1,0,61,1
"4390",0,0,68,1
"4391",0,0,43,1
"4392",0,0,49,0
"4393",0,0,23,0
"4394",1,0,74,1
"4395",0,0,25,1
"4396",0,0,58,0
"4397",1,0,65,1
"4398",0,0,46,1
"4399",0,0,30,1
"4400",1,0,69,1
"4401",0,0,61,1
"4402",1,0,82,0
"4403",1,0,60,0
"4404",0,0,45,0
"4405",0,0,23,1
"4406",0,0,30,1
"4407",0,0,38,1
"4408",0,0,84,1
"4409",0,0,40,1
"4410",1,0,23,0
"4411",1,0,65,1
"4412",0,0,58,1
"4413",1,0,83,1
"4414",1,0,71,1
"4415",1,0,74,1
"4416",1,0,49,1
"4417",1,1,80,1
"4418",0,0,91,1
"4419",0,0,27,1
"4420",0,0,41,0
"4421",0,0,42,1
"4422",0,0,27,1
"4423",1,1,84,1
"4424",1,0,54,1
"4425",0,0,28,1
"4426",1,0,54,0
"4427",0,0,23,1
"4428",0,0,70,1
"4429",0,0,42,0
"4430",0,0,27,0
"4431",0,0,46,1
"4432",1,0,28,0
"4433",1,0,67,0
"4434",0,0,25,1
"4435",1,0,49,1
"4436",1,0,53,1
"4437",1,0,55,1
"4438",1,0,50,1
"4439",1,0,39,1
"4440",0,0,92,0
"4441",0,0,20,0
"4442",0,0,51,1
"4443",1,0,83,1
"4444",0,0,23,0
"4445",1,0,37,1
"4446",0,0,91,1
"4447",1,0,88,1
"4448",0,0,81,0
"4449",1,0,78,1
"4450",0,0,29,1
"4451",1,0,70,1
"4452",0,0,75,0
"4453",0,0,24,1
"4454",0,0,41,0
"4455",1,0,53,1
"4456",0,0,31,1
"4457",0,0,62,0
"4458",0,0,44,1
"4459",1,0,52,0
"4460",1,0,31,1
"4461",1,0,25,1
"4462",1,0,34,1
"4463",1,0,65,1
"4464",0,0,49,1
"4465",1,0,53,1
"4466",0,0,46,0
"4467",1,0,74,1
"4468",1,0,60,1
"4469",0,0,43,1
"4470",0,0,33,1
"4471",1,0,39,0
"4472",0,0,27,0
"4473",0,0,52,1
"4474",1,0,42,1
"4475",0,0,48,1
"4476",0,0,83,0
"4477",0,0,33,0
"4478",1,0,61,0
"4479",0,0,33,0
"4480",0,0,31,1
"4481",0,0,36,1
"4482",0,0,25,0
"4483",1,0,55,1
"4484",1,0,69,0
"4485",1,0,24,1
"4486",0,0,29,0
"4487",0,0,62,1
"4488",0,0,24,1
"4489",0,0,31,0
"4490",0,0,42,1
"4491",0,0,32,1
"4492",1,0,74,1
"4493",1,0,49,1
"4494",1,1,49,0
"4495",1,0,50,0
"4496",0,0,35,1
"4497",0,1,34,1
"4498",0,0,79,1
"4499",0,0,25,0
"4500",0,0,41,1
"4501",0,0,33,0
"4502",0,1,63,1
"4503",0,0,22,0
"4504",0,0,30,1
"4505",1,0,41,1
"4506",0,0,24,1
"4507",1,1,46,1
"4508",0,0,80,1
"4509",1,0,68,1
"4510",0,0,22,1
"4511",0,0,63,0
"4512",0,0,24,0
"4513",1,1,48,1
"4514",1,0,41,1
"4515",0,0,51,0
"4516",0,0,29,1
"4517",1,0,72,1
"4518",0,0,36,1
"4519",0,0,32,1
"4520",1,0,82,0
"4521",0,0,41,1
"4522",0,0,52,1
"4523",1,0,33,0
"4524",1,0,34,1
"4525",0,0,48,1
"4526",1,1,72,1
"4527",1,0,76,1
"4528",0,0,29,0
"4529",1,0,47,1
"4530",0,0,36,1
"4531",1,0,24,1
"4532",1,0,50,1
"4533",0,0,78,1
"4534",1,1,28,1
"4535",0,0,30,1
"4536",1,0,45,1
"4537",1,0,36,1
"4538",1,0,34,0
"4539",0,0,63,1
"4540",1,0,77,1
"4541",0,0,42,0
"4542",1,0,67,1
"4543",1,0,63,1
"4544",1,0,76,1
"4545",0,0,41,1
"4546",0,0,35,1
"4547",0,0,55,1
"4548",0,0,49,1
"4549",1,0,75,0
"4550",1,0,34,0
"4551",0,0,29,1
"4552",0,0,58,1
"4553",0,0,46,0
"4554",0,0,26,0
"4555",0,0,43,1
"4556",1,0,83,1
"4557",0,0,27,1
"4558",1,0,40,0
"4559",1,1,61,1
"4560",1,0,55,1
"4561",1,0,64,1
"4562",0,1,87,1
"4563",0,0,44,1
"4564",1,0,70,1
"4565",0,0,42,0
"4566",0,0,37,1
"4567",1,0,49,1
"4568",0,0,52,0
"4569",0,0,35,1
"4570",0,0,45,0
"4571",1,0,52,1
"4572",0,0,28,1
"4573",1,0,52,1
"4574",0,0,33,0
"4575",1,0,39,1
"4576",0,0,78,1
"4577",1,1,29,1
"4578",1,0,93,0
"4579",1,0,72,1
"4580",0,0,48,1
"4581",0,0,90,0
"4582",0,0,31,1
"4583",0,0,47,1
"4584",0,0,50,1
"4585",1,0,81,1
"4586",0,0,33,1
"4587",0,0,32,0
"4588",1,0,72,1
"4589",1,0,44,1
"4590",0,0,36,1
"4591",0,0,94,0
"4592",1,0,51,1
"4593",0,0,37,0
"4594",0,0,28,1
"4595",1,0,53,1
"4596",1,0,48,1
"4597",1,0,41,1
"4598",0,0,25,0
"4599",1,0,33,1
"4600",0,0,37,0
"4601",0,0,39,1
"4602",0,0,57,1
"4603",1,0,37,0
"4604",1,0,71,1
"4605",0,0,50,1
"4606",1,0,39,1
"4607",0,0,71,1
"4608",0,0,68,1
"4609",1,0,38,1
"4610",1,0,72,1
"4611",1,0,30,1
"4612",0,0,49,1
"4613",0,0,37,0
"4614",0,0,34,1
"4615",1,0,44,0
"4616",1,0,70,0
"4617",1,0,45,1
"4618",1,0,82,1
"4619",0,0,32,0
"4620",0,0,39,1
"4621",0,0,41,1
"4622",0,0,53,1
"4623",0,0,37,1
"4624",0,0,36,1
"4625",0,0,59,1
"4626",1,0,64,1
"4627",1,0,65,1
"4628",1,0,55,1
"4629",1,0,76,1
"4630",1,0,42,1
"4631",1,0,81,1
"4632",0,0,30,0
"4633",1,0,66,1
"4634",0,0,58,0
"4635",0,0,78,1
"4636",1,0,69,1
"4637",1,0,57,1
"4638",1,0,59,1
"4639",1,0,68,1
"4640",0,0,19,1
"4641",1,0,72,1
"4642",0,0,23,0
"4643",1,0,62,1
"4644",1,0,64,0
"4645",1,0,85,1
"4646",1,0,38,1
"4647",1,0,74,1
"4648",0,0,90,0
"4649",0,0,65,1
"4650",1,0,65,0
"4651",0,0,40,1
"4652",0,0,30,1
"4653",0,0,61,0
"4654",0,0,45,0
"4655",0,0,19,0
"4656",0,0,59,1
"4657",0,0,68,1
"4658",1,0,75,0
"4659",1,0,62,1
"4660",0,0,29,1
"4661",0,0,90,1
"4662",0,0,70,1
"4663",0,0,82,1
"4664",1,0,28,1
"4665",1,0,32,1
"4666",1,0,39,1
"4667",1,0,53,0
"4668",1,0,55,1
"4669",0,0,28,1
"4670",1,0,84,1
"4671",1,0,51,0
"4672",0,0,91,1
"4673",0,0,71,1
"4674",1,0,46,0
"4675",1,0,38,1
"4676",1,0,43,1
"4677",1,0,38,0
"4678",1,0,28,0
"4679",1,0,67,1
"4680",1,0,60,0
"4681",1,0,67,1
"4682",1,0,79,1
"4683",0,0,32,0
"4684",1,0,19,0
"4685",0,1,20,1
"4686",0,0,49,1
"4687",1,0,45,0
"4688",0,1,40,0
"4689",0,0,87,1
"4690",0,0,46,1
"4691",0,0,28,1
"4692",0,0,32,1
"4693",1,0,64,1
"4694",1,0,35,1
"4695",1,0,63,1
"4696",0,0,41,0
"4697",0,0,28,0
"4698",0,0,47,1
"4699",0,0,31,1
"4700",1,0,67,0
"4701",0,0,30,1
"4702",0,0,50,1
"4703",1,0,38,1
"4704",0,0,42,1
"4705",0,0,38,1
"4706",0,0,55,0
"4707",0,0,51,0
"4708",0,0,31,0
"4709",0,0,61,1
"4710",0,0,82,0
"4711",0,0,63,1
"4712",1,0,82,1
"4713",0,0,27,0
"4714",0,0,30,0
"4715",0,0,28,0
"4716",0,0,44,1
"4717",1,0,30,1
"4718",1,0,40,0
"4719",0,0,35,1
"4720",1,0,40,1
"4721",1,0,44,0
"4722",1,0,42,1
"4723",0,0,55,0
"4724",0,0,82,1
"4725",1,0,38,1
"4726",0,0,45,1
"4727",0,0,30,0
"4728",1,0,75,1
"4729",1,0,58,1
"4730",1,0,48,1
"4731",1,0,60,0
"4732",1,0,28,1
"4733",0,0,25,1
"4734",0,0,76,1
"4735",1,0,29,1
"4736",0,0,29,1
"4737",1,0,40,1
"4738",0,0,38,0
"4739",1,0,70,0
"4740",0,0,45,1
"4741",0,0,48,0
"4742",0,0,53,0
"4743",1,0,31,0
"4744",0,0,36,0
"4745",1,0,51,1
"4746",0,1,63,1
"4747",1,0,48,1
"4748",0,1,91,1
"4749",1,0,80,0
"4750",1,0,28,0
"4751",1,0,69,1
"4752",1,0,86,1
"4753",0,0,91,1
"4754",1,0,78,1
"4755",0,0,30,0
"4756",0,0,43,1
"4757",0,0,45,1
"4758",0,0,30,1
"4759",1,0,85,1
"4760",1,0,42,1
"4761",1,0,30,0
"4762",0,0,51,1
"4763",0,0,43,1
"4764",0,0,18,1
"4765",0,0,84,0
"4766",0,0,79,1
"4767",0,0,21,0
"4768",0,0,75,1
"4769",0,0,21,0
"4770",1,0,71,0
"4771",1,0,53,0
"4772",1,0,62,0
"4773",0,1,49,0
"4774",0,0,71,1
"4775",0,0,26,0
"4776",1,0,75,1
"4777",0,0,36,1
"4778",0,0,59,0
"4779",0,0,57,0
"4780",0,0,40,1
"4781",1,0,64,1
"4782",1,1,74,0
"4783",1,0,49,0
"4784",1,0,77,1
"4785",1,0,38,0
"4786",1,0,64,1
"4787",0,0,66,1
"4788",1,0,45,1
"4789",0,0,41,0
"4790",0,0,33,1
"4791",1,1,46,1
"4792",0,0,44,1
"4793",0,0,25,1
"4794",0,0,92,1
"4795",0,0,61,1
"4796",1,0,35,1
"4797",1,0,72,1
"4798",0,0,52,1
"4799",1,0,51,0
"4800",1,0,78,1
"4801",1,0,66,1
"4802",1,0,56,1
"4803",0,0,42,0
"4804",0,0,74,0
"4805",0,0,47,1
"4806",0,0,39,1
"4807",0,0,36,0
"4808",0,0,25,0
"4809",0,0,35,1
"4810",1,0,68,1
"4811",1,0,55,1
"4812",1,0,40,1
"4813",0,0,28,0
"4814",1,0,70,1
"4815",0,0,25,1
"4816",1,0,30,1
"4817",0,0,52,1
"4818",1,0,46,1
"4819",0,0,40,1
"4820",0,0,82,1
"4821",1,0,51,1
"4822",1,0,49,1
"4823",1,0,69,1
"4824",1,0,34,1
"4825",1,0,68,1
"4826",0,0,32,0
"4827",0,0,35,1
"4828",1,0,34,0
"4829",0,0,34,1
"4830",0,0,22,1
"4831",1,0,39,0
"4832",1,1,40,0
"4833",0,0,35,1
"4834",0,0,78,1
"4835",1,0,59,1
"4836",0,0,29,1
"4837",1,0,41,1
"4838",0,0,64,0
"4839",0,0,23,1
"4840",0,0,21,1
"4841",0,0,35,1
"4842",0,0,29,1
"4843",0,0,28,1
"4844",0,0,46,1
"4845",1,0,56,1
"4846",0,0,24,1
"4847",0,0,32,1
"4848",0,0,53,1
"4849",0,0,78,1
"4850",1,0,29,1
"4851",1,0,74,1
"4852",0,0,25,0
"4853",0,0,32,0
"4854",1,0,71,1
"4855",0,0,53,1
"4856",1,0,48,1
"4857",0,0,90,0
"4858",1,0,59,0
"4859",0,0,27,0
"4860",0,1,86,1
"4861",0,0,79,1
"4862",0,0,72,1
"4863",1,0,49,1
"4864",1,1,52,1
"4865",0,0,43,0
"4866",0,1,55,0
"4867",0,0,24,1
"4868",0,1,33,1
"4869",1,0,43,1
"4870",1,0,44,1
"4871",0,0,85,1
"4872",0,0,37,1
"4873",0,0,45,1
"4874",0,0,28,0
"4875",1,0,38,1
"4876",1,0,46,1
"4877",0,0,31,0
"4878",1,0,69,0
"4879",0,0,47,1
"4880",1,0,29,1
"4881",1,0,68,1
"4882",0,0,42,1
"4883",0,0,38,1
"4884",0,0,55,0
"4885",1,0,27,1
"4886",1,1,60,1
"4887",1,0,73,1
"4888",1,0,55,1
"4889",1,0,30,1
"4890",0,0,48,0
"4891",0,0,56,0
"4892",0,0,41,1
"4893",0,0,36,1
"4894",0,0,33,1
"4895",1,0,61,1
"4896",0,0,66,1
"4897",1,0,43,1
"4898",0,0,27,0
"4899",1,0,37,1
"4900",0,0,30,0
"4901",1,0,54,1
"4902",1,0,53,0
"4903",0,0,56,1
"4904",0,0,71,1
"4905",1,0,21,0
"4906",0,0,61,1
"4907",0,0,25,1
"4908",1,0,37,1
"4909",0,0,25,0
"4910",1,0,32,1
"4911",1,0,77,1
"4912",1,0,38,1
"4913",1,0,51,1
"4914",0,0,28,1
"4915",0,0,24,1
"4916",0,0,44,1
"4917",1,0,38,1
"4918",1,0,30,1
"4919",0,0,77,1
"4920",0,0,52,1
"4921",0,0,42,0
"4922",0,0,53,1
"4923",0,0,27,1
"4924",1,0,48,1
"4925",0,0,29,0
"4926",1,0,28,1
"4927",1,0,24,1
"4928",1,0,92,1
"4929",0,0,44,0
"4930",1,0,61,1
"4931",1,0,54,1
"4932",1,0,79,0
"4933",0,0,30,0
"4934",0,0,37,1
"4935",0,0,96,1
"4936",0,0,78,1
"4937",0,0,64,1
"4938",0,0,46,1
"4939",0,0,69,0
"4940",0,0,32,1
"4941",0,0,36,0
"4942",1,0,41,1
"4943",0,0,51,1
"4944",1,0,52,0
"4945",0,0,50,0
"4946",0,0,25,1
"4947",0,0,26,1
"4948",0,0,25,1
"4949",0,0,51,1
"4950",0,0,51,1
"4951",0,0,38,1
"4952",0,1,42,0
"4953",0,0,46,1
"4954",1,0,41,1
"4955",0,0,42,1
"4956",0,0,26,1
"4957",1,0,84,1
"4958",1,0,34,1
"4959",0,0,52,1
"4960",1,0,31,1
"4961",0,0,35,1
"4962",0,0,37,1
"4963",0,0,34,1
"4964",0,0,37,1
"4965",0,0,84,0
"4966",1,0,44,1
"4967",1,0,76,1
"4968",0,0,40,0
"4969",0,0,25,1
"4970",0,0,30,1
"4971",1,0,47,1
"4972",0,0,30,1
"4973",0,0,37,1
"4974",0,0,25,1
"4975",0,0,23,0
"4976",0,0,28,0
"4977",1,0,75,1
"4978",1,0,43,0
"4979",0,0,23,0
"4980",1,0,43,0
"4981",1,0,41,0
"4982",0,1,41,1
"4983",1,0,78,1
"4984",0,1,82,1
"4985",1,0,48,1
"4986",1,0,50,1
"4987",0,0,26,1
"4988",1,0,48,1
"4989",1,0,87,0
"4990",1,0,75,0
"4991",1,0,42,1
"4992",0,0,40,0
"4993",0,0,58,1
"4994",0,0,33,0
"4995",0,0,52,1
"4996",0,0,43,1
"4997",0,0,51,1
"4998",1,0,56,1
"4999",1,0,53,1
"5000",1,0,75,0
