y,x1,x2
0,0.400771451,-1.218711816
1,0.110682716,0.469031956
1,-0.555841135,-0.211246919
0,1.786913137,0.187051147
1,0.497850478,0.227542729
1,-1.966617157,-1.261900463
0,0.701355902,0.28558958
1,-0.472791408,1.749247363
1,-1.067823706,-0.164090004
1,-0.217974915,-0.162926711
1,-1.026004448,1.398572006
1,-0.728891229,0.898396241
1,-0.625039268,-1.648494818
1,-1.686693311,0.228556973
1,0.837787044,1.653547235
1,0.153373118,1.41527635
1,-1.138136937,0.419951604
1,1.253814921,0.721220807
0,0.426464221,-1.196935212
1,-0.295071483,0.300131567
0,0.895125661,-0.954448935
1,0.878133488,-0.458018068
1,0.821581082,0.935603684
1,0.688640254,-1.136893112
1,0.553917654,0.266918251
1,-0.061911711,0.428332039
1,-0.305962664,0.05491197
1,-0.380471001,1.822188822
1,-0.694706979,-1.022347329
1,-0.207917278,0.606130261
1,-1.265396352,-0.088930567
1,2.168955965,-0.260832244
0,1.207961998,0.464091234
1,-1.123108583,-1.020400591
1,-0.402884835,-1.313450917
1,-0.466655354,-0.494480875
1,0.779965118,1.75175715
1,-0.083369066,0.055764775
1,0.253318514,0.331434398
1,-0.028546755,-0.189846638
1,-0.042870457,0.470492732
1,1.368602284,-0.951679543
1,-0.225770986,1.157910467
1,1.516470604,0.58470526
1,-1.548752804,-0.806452823
1,0.58461375,0.054553246
1,0.123854244,0.716331619
1,0.215941569,0.557730982
1,0.379639483,1.481934016
1,-0.502323453,-0.612987755
1,-0.333207384,1.116136615
0,-1.018575383,1.03654801
1,-1.071791226,-0.162483132
0,0.303528641,-0.975926693
1,0.448209779,-1.089145191
1,0.053004227,0.457786958
1,0.922267468,-0.071126734
1,2.050084686,1.779102667
1,-0.491031166,0.53513796
1,-2.309168876,-0.371944875
0,1.005738524,-1.025542248
0,-0.709200763,-0.582401675
1,-0.688008616,0.342888393
0,1.02557137,-0.450934647
1,-0.284773007,0.51423012
1,-1.220717712,-0.334338052
1,0.18130348,-0.105559909
1,-0.138891362,-0.730509673
1,0.005764186,1.905043585
1,0.385280401,0.332621731
1,-0.370660032,0.23063364
1,0.644376549,-1.691862415
1,-0.220486562,0.6597919
0,0.331781964,-1.023623589
1,1.096839013,-0.891521574
1,0.435181491,0.918341171
1,-0.325931586,-0.452700647
0,1.148807618,-1.74837228
1,0.993503856,1.76990411
1,0.54839696,-2.377406925
1,0.238731735,0.57281153
1,-0.627906076,1.017249249
0,1.360652449,-0.630967867
1,-0.600259587,0.444287051
1,2.187332993,0.439130388
0,1.532610626,1.040623153
1,-0.235700359,0.484099388
1,-1.0264209,-0.244883779
1,-0.710406564,0.915992058
1,0.256883709,0.800622357
1,-0.246691878,-0.936569034
1,-0.347542599,-1.400787434
1,-0.951618567,0.16027754
1,-0.045027725,-0.273962375
1,-0.784904469,-0.985539113
1,-1.667941937,0.08393068
0,-0.38022652,-1.319996526
0,0.918996609,0.161226351
1,-0.575346963,-0.624928388
1,0.607964322,0.957164274
1,-1.617882708,2.424489141
0,-0.055561966,-0.915979244
1,0.519407204,1.057664171
1,0.301153362,0.825149728
1,0.105676194,-0.070194224
1,-0.640706008,-0.453646374
1,-0.849704346,1.575307707
1,-1.024128791,-2.005457818
1,0.117646597,-0.643194792
0,-0.947474614,-1.436843444
1,-0.490557444,1.395313439
1,-0.256092192,-0.190703433
0,1.843862005,-0.524671199
1,-0.651949902,3.184044474
1,0.235386572,-0.050037268
0,0.07796085,-0.443749312
1,-0.961856634,0.29986525
0,-0.071308086,-1.568424621
1,1.444550858,0.490302643
1,0.451504053,-0.096163201
1,0.041232922,0.468525123
1,-0.422496832,-0.982370636
1,-2.053247222,-1.022983842
1,1.131337213,-0.693414663
1,-1.460640071,-0.767989573
1,0.739947511,1.299049967
1,1.909103569,1.579145562
1,-1.443893161,-0.156891953
0,0.701784335,-0.358936561
1,-0.262197489,-0.32903883
1,-1.572144159,0.069236478
1,-1.514667654,0.096904234
1,-1.601536174,0.290034388
1,-0.530906522,-0.746678941
1,-1.461755585,-0.846896389
0,0.687916773,1.197077664
0,2.100108941,-0.548627361
1,-1.287030476,0.303045695
1,0.787738847,-0.056970534
1,0.769042241,-0.957849392
1,0.332202579,0.591061909
1,-1.008376608,0.173104873
1,-0.119452607,1.399783356
1,-0.280395335,0.117459585
1,0.562989533,-0.331545758
0,-0.372438756,0.278294913
0,0.976973387,-1.185591649
0,-0.374580858,-0.835894053
1,1.052711466,0.510273251
1,-1.049177007,-0.333120901
1,-1.260155245,-0.065960946
0,3.241039935,-0.115221709
1,-0.416857588,-0.650512619
0,0.298227592,-2.018688659
1,0.636569674,0.34883497
1,-0.483780626,0.761639508
0,0.516862044,-1.288716235
1,0.368964527,1.482402718
1,-0.215380508,0.385154824
1,0.065293034,1.341640295
1,-0.034067254,-0.957170471
1,2.128451899,0.166781288
1,-0.741336096,-0.100013959
1,-1.095996267,0.768507432
1,0.037788399,-0.575859568
1,0.310480749,-0.010097672
0,0.436523479,-1.778659149
1,-0.458365333,-0.777621443
1,-1.063326134,0.125033884
0,1.263185176,-0.706321492
1,-0.349650388,-0.043569486
1,-0.865512863,-0.467925974
1,-0.236279569,0.606930136
1,-0.197175894,1.168488309
0,1.10992029,-0.822501413
1,0.084737292,-0.307036559
1,0.754053785,1.439761258
1,-0.499292017,-2.198923254
1,0.21444531,-0.319837792
1,-0.324685911,2.064704284
1,0.094583528,2.193590069
1,-0.895363358,0.156595323
1,-1.310801533,-0.863608951
0,1.997213385,0.165457419
0,0.600708824,-0.652774396
1,-1.251271362,1.452817282
1,-0.611165917,-0.806482656
1,-1.185480085,0.372911595
1,2.198810349,0.619850075
0,1.312412976,-0.757510161
1,-0.265145057,0.851524682
1,0.543194059,-0.747929971
1,-0.414339948,0.63023983
1,-0.476246895,1.096661633
1,-0.788602838,-0.988442922
1,-0.594617267,1.107995041
0,1.650907467,-0.489532871
1,-0.054028125,0.294353388
1,0.119245236,0.201837472
1,0.24368743,-0.427196386
1,1.232475878,0.26810287
1,-0.516063831,-1.230430925
1,-0.99250715,-0.136136872
1,1.675696932,0.825790832
0,-0.441163217,-2.174124649
1,-0.72306597,-1.487926187
1,-1.236273119,-1.161937558
1,-1.284715722,-1.589089694
1,-0.573973479,0.419583039
0,0.617985817,-0.99292835
0,1.109848139,-2.164547085
1,0.707588354,-0.637568765
1,-0.363657297,-0.390635251
1,0.059749937,0.856785474
1,-0.704596464,-1.103752136
1,-0.717218162,1.161289256
1,0.884650499,0.398362716
1,-1.015592579,0.362352158
0,1.955293965,-0.85252567
1,-0.090319594,1.95366788
0,0.214538827,-0.164270832
1,-0.738527705,-1.824897584
1,-0.57438869,-0.203856471
1,-1.317016132,-1.934444071
0,-0.182925388,-0.310510116
0,0.418982405,-0.422227003
0,0.324304344,0.68182969
1,-0.781536487,1.009496186
1,-0.788621971,-0.726104965
1,-0.502198718,0.806108868
1,1.49606067,1.42432311
0,-1.137303621,-0.784144005
1,-0.179051594,-0.652404366
1,1.902361822,0.650778363
1,-0.100974885,0.18304797
1,-1.359840704,0.54877496
1,-0.664769435,1.404684295
1,0.485459979,0.38708312
1,-0.375602872,1.05170127
1,-0.561876364,0.622905462
1,-0.343917234,0.43362039
1,0.090496647,0.386084438
0,1.598508771,1.291323304
1,-0.088565112,-1.002259874
0,1.080799496,-1.105182729
0,0.630754116,0.591946003
1,-0.113639896,-0.119689664
1,-1.532902003,0.074005212
1,-0.521117318,0.741277377
1,-0.489870453,0.753295048
1,0.047154433,-0.262670503
1,1.300198678,-0.312543869
1,2.293078974,0.073598609
1,1.547581059,1.063017789
1,-0.133150964,0.426020487
1,-1.756527396,1.433007511
1,-0.388779864,-0.00763687
1,0.089207223,1.125667605
1,0.845013004,0.883002311
1,0.962527968,0.612083461
1,0.684309429,0.414700707
1,-1.39527435,-0.279882397
1,0.849643046,-0.109037509
1,-0.446557216,0.229395496
1,0.1748027,0.048888891
1,0.074551177,0.943224468
1,0.428166765,-0.109317123
1,0.024674983,-0.070376922
1,-1.667475098,-0.484319088
1,0.736495965,-0.138336329
1,0.386026568,-0.068765642
0,-0.265651625,-2.313735774
1,0.118144511,-1.364831697
1,0.134038645,-0.07248691
1,0.221019469,-0.265283775
0,1.640846166,-1.200869328
0,-0.219050379,-1.991538176
0,0.168065384,-0.35436922
0,1.168383873,0.653495766
0,1.054181023,1.773238632
0,1.14526311,-0.038456794
1,-0.577468001,1.493184841
0,2.00248273,0.083022158
1,0.066700871,0.115532104
0,1.866851845,0.324825313
1,-1.350902686,-0.870577245
1,0.020983586,-0.051718213
1,1.249914571,0.908447699
1,-0.715242187,-0.749725787
1,-0.752688968,-0.32160607
1,-0.938538704,-1.14777075
1,-1.052513279,0.354352196
1,-0.437159533,0.424799782
1,0.331179173,0.648347351
1,-2.014210498,-1.219810032
1,0.211980433,0.107235035
0,1.236675046,-0.944057692
0,2.037574018,-0.000384649
1,1.301175992,1.34262392
1,0.756774764,-0.503525287
1,-1.726730399,0.716683321
1,-0.601506708,-0.749668584
1,-0.352046457,-0.47852821
1,0.703523903,0.438721751
1,-0.105671334,-0.67911227
1,-1.258648628,-1.702964835
1,1.684435708,1.265168435
0,0.911391292,0.360357238
1,0.237430272,-0.583639441
0,1.21810861,-1.994078787
1,-1.338774287,1.902209771
1,0.660820298,3.390370821
1,-0.522912376,0.207480407
1,0.683745522,0.849806648
1,-0.060821955,1.224560312
1,0.632960713,-0.701804434
1,1.335517615,-0.35119623
0,0.00729009,-1.727121037
1,1.017558637,-0.736578232
1,-1.188434035,0.622409783
1,-0.72160444,-0.290715989
0,1.519217711,-0.214211534
1,0.377387973,-0.112559552
1,-2.05222282,-1.863666982
1,-1.364037452,0.837629934
1,-0.200781016,-1.443492889
1,0.865779404,-0.208570162
1,-0.101883256,-0.438563462
1,0.624187472,-0.218593817
0,0.959005378,1.459965945
1,1.671054829,-0.582059918
1,0.056016733,-0.783097596
0,-0.051981906,-1.519653995
1,-1.753237359,-0.805698082
0,0.099327594,-1.166184707
1,-0.571850058,0.407946196
1,-0.974009583,-0.863004246
1,-0.179906231,0.304042035
1,1.014943173,-0.146427488
1,-1.992748489,-1.43356218
1,-0.427279287,-0.790607786
1,0.116637284,0.885112455
1,-0.89320757,0.903076086
1,0.333902942,2.005573274
1,0.411429921,-0.003580308
0,-0.033036159,-1.495826814
1,-2.465898194,-0.768417027
0,2.571458146,0.408488505
1,-0.205299257,1.900136335
0,0.651193282,0.110009123
1,0.273766491,1.140386825
0,1.024673235,0.768081305
1,0.817659446,-1.168091622
1,-0.209793171,-0.171112652
1,0.378167772,1.305261536
1,-0.945408831,0.87609611
1,0.856923011,0.463796142
1,-0.461038339,0.477114245
0,2.416773354,-0.4914053
1,-1.651048896,-1.319385313
1,-0.463987243,1.295425791
0,0.825379863,-1.420219492
0,0.510132547,-0.93889592
1,-0.589481039,0.628964993
1,-0.996780742,-1.262194549
1,0.144475705,-0.551870413
0,-0.014307413,-1.182799507
1,-1.790281237,0.620663558
1,0.034551067,0.446313017
1,0.190230316,0.421884693
1,0.174726397,0.442464772
1,-1.055017043,0.557245746
1,0.476133278,0.639356492
1,1.378570137,-1.968661557
0,0.456236403,-0.148816361
1,-1.13558847,0.112463813
0,-0.43564547,0.724676203
0,0.34610362,-1.187486076
1,-0.647045631,-0.49960019
1,-2.157646335,-1.073642991
1,0.88425082,1.057240213
1,-0.829477612,1.279072583
1,-0.573560271,0.787676725
1,1.503900609,-1.222403383
1,-0.77414493,0.451952117
1,0.84573154,1.150449186
1,-1.260682879,0.167940981
1,-0.354542403,-0.566109333
0,-0.073556019,-1.086118241
1,-1.168651424,-0.665302796
1,-0.634748265,0.714848356
0,-0.028841553,-0.4316611
1,0.670695969,0.22761494
1,-1.650546543,1.294945796
1,-0.349754239,0.57833494
1,0.756406439,1.364672781
1,-0.53880916,-1.701579803
1,0.227291922,-0.28067628
1,0.49222857,0.065068019
1,0.267835015,0.578589292
1,0.653257679,-1.169206622
0,-0.122708661,0.806184855
0,-0.413676514,0.307390076
1,-2.643148952,0.263806014
1,-0.092941018,0.508484792
1,0.430284696,-0.11635844
1,0.535398841,0.925546098
1,-0.555278351,0.648229774
0,1.77950291,-0.150209374
1,0.28642442,1.040377019
1,0.126315858,0.292558685
1,1.272266779,0.668751399
1,-0.718466221,-0.594177642
1,-0.450338624,1.580431837
1,2.39745248,-0.003988944
1,0.011129187,0.847842769
1,1.633568421,-0.100116526
1,-1.438506645,-0.279629907
1,-0.190516802,0.784438245
0,0.378423904,-1.584616645
1,0.300038545,0.478366148
1,-1.00563626,0.393566373
0,0.019259275,-2.695329369
1,-1.077420653,0.368377329
0,0.712703325,-2.168417747
1,1.08477509,0.659804377
1,-2.224987696,-0.453913733
1,1.235693462,-0.694936825
1,-1.241044497,-0.006846303
1,0.454769269,1.373052045
1,0.659902638,-0.635323077
1,-0.199889828,0.558103294
1,-0.645113957,0.341157868
1,0.165321021,-1.179518629
0,0.438818701,-1.741022017
0,0.88330282,-1.992585771
1,-2.052336984,0.551274211
1,-1.636379268,-0.034742062
1,1.430402341,1.850571704
1,1.046628847,0.573675108
0,0.435288949,0.849695891
1,0.715178407,1.334383585
0,0.917174918,-0.500719098
1,-2.660922798,0.510097928
1,1.110277097,0.86879327
1,-0.484987597,1.369351688
1,0.230616831,0.762651146
1,-0.295157801,0.421147173
1,0.871964954,-0.868224047
1,-0.348472449,0.729560361
1,0.518503766,0.500265872
1,-0.390684979,0.634250254
1,-1.092787209,0.423645046
1,1.21001051,-0.201838045
1,0.740900011,-0.076865898
1,1.724262239,0.687364113
1,0.065153933,0.171631507
1,1.125002746,-0.830108574
0,1.975419054,-0.29015912
0,-0.281482115,-1.319125724
1,-1.322951113,-0.967031903
1,-0.239351567,-0.14461107
1,-0.21404124,-1.798132556
0,0.151680505,-1.688542475
1,1.712304977,1.102565199
1,-0.326143893,-0.576618924
0,0.373004656,-1.85169173
1,-0.227684065,-0.112863239
1,0.020450709,1.321069267
1,0.314057664,0.662254297
1,1.328214696,0.441383198
1,0.121318377,1.183745912
0,0.71284232,-0.771501441
1,0.77886003,0.729689191
1,0.914773271,-0.587085616
1,-0.574394552,0.000764186
1,1.626881214,2.214465319
1,-0.380956739,0.969434396
1,-0.105784168,0.768007714
1,1.404050268,-1.108327912
0,1.294083906,-0.78623592
1,-1.089991872,2.28411648
1,-0.873071,-1.093300764
1,-1.358079059,0.214479375
1,0.181847193,0.89257106
1,0.164840868,1.018757972
1,0.364114687,1.089112011
1,0.552157714,-0.16312899
1,-0.601892846,-0.820986697
1,-0.993698591,-0.307257233
1,1.026785056,-0.902098009
1,0.751061303,0.627068743
1,-1.509166537,1.120355028
1,-0.095147451,2.127213552
1,-0.895947823,0.366114383
1,-2.070751071,-0.874781377
1,0.150120131,1.024474863
1,-0.079211709,0.904758894
1,-0.097369268,-0.238248696
0,0.216152542,-1.557854904
1,0.882465164,0.761309895
1,0.205597504,1.129144396
1,-0.616435843,-0.295107831
1,-0.734799252,0.536242818
1,-0.131802793,-0.275890475
1,0.310016987,0.682315245
1,-1.039680353,-0.117290715
1,-0.184308869,-0.344675864
1,0.96726726,0.111620498
0,-0.108280091,-0.283405315
1,-0.698420668,-0.591017164
1,-0.275945168,-0.315936931
1,1.114648545,-0.008152152
1,0.550043961,0.207495141
1,1.2366758,1.532423622
0,0.139097857,-1.357997831
1,0.410275096,-0.199619051
1,-0.558456912,0.631523128
1,0.605370669,1.762020903
1,-0.506333542,0.426014363
1,-1.420565505,-0.013753416
1,0.127992966,-0.30755691
1,1.945851218,0.414308164
1,0.80091434,0.98905792
0,1.16525339,-0.183858311
1,0.358855723,0.163761407
1,-0.608557178,0.216936344
1,-0.202240855,0.729277634
1,-0.273248107,1.111380407
1,-0.46869978,0.279160817
1,0.704167284,-0.076170672
1,-1.197363502,1.394663132
1,0.866366132,0.164534118
1,0.864152486,1.577851979
1,-1.198622359,-0.061922658
1,0.639491998,0.613922964
0,2.430226652,-1.546088594
1,-0.557215482,-0.112391961
1,0.844904241,-0.02179454
1,-0.782201846,-0.758345417
0,1.110711418,-1.035892884
1,0.24982472,0.948159303
1,1.651915392,0.914158734
0,-1.458970729,-1.298731995
1,-0.051297886,0.424378795
0,-0.526925176,-1.11254532
1,-0.197264869,-1.051073226
1,-0.629578743,0.525412448
1,-0.833843581,-0.686024
1,0.578722375,0.993479982
1,-1.087580714,0.038523599
0,1.484030932,0.536148976
1,-1.186206585,-0.523626698
0,0.101079151,-1.151221335
1,0.532989287,0.914752241
1,0.586735339,0.238071492
1,-0.301746664,-0.239067759
1,0.079501995,0.069235327
1,0.961264152,1.325908343
0,-1.456465917,-0.698166635
0,-0.781739712,-0.749408444
1,0.320402314,-0.619615053
1,-0.444781978,-1.584991268
1,1.370003994,0.819628138
1,0.673253863,0.192369647
0,0.072166752,0.207171974
1,-1.507757318,-0.043347354
1,0.026100225,-0.510160441
1,-0.316415868,-0.823418614
1,-0.102346514,0.851856403
1,-1.181559227,-1.426184673
1,0.498658044,0.440298942
1,-1.03895644,-0.792611651
1,-0.226221981,0.282310215
1,0.381425829,-0.740690522
1,-0.783515789,-0.523341683
1,0.582991406,1.769365917
1,-1.316510402,0.668282619
1,-2.809774679,-2.144897024
1,0.464967991,0.126412416
1,0.840539827,-0.451812936
1,-0.285845424,-1.136626188
1,0.504126255,0.20978589
1,-1.155916525,0.129965516
1,-0.127148607,-0.328506573
1,-1.941518376,1.972703567
1,1.181180891,-2.248690067
1,1.859910862,0.838219387
0,1.07401226,-0.28902327
1,-0.027346966,0.656513411
0,-0.033330342,-0.453997701
1,-1.516067623,-0.593864562
0,0.790385344,-1.710379666
1,-0.210734181,-0.209448428
1,-0.656742925,2.478745801
1,-1.412025793,0.989702208
1,-0.299762497,1.675572156
1,-0.849061135,0.914965318
1,-0.39703052,1.144262708
1,-1.217599988,0.902876414
0,1.687589483,0.475392432
1,-0.016002527,-0.582528774
1,1.074945077,-0.532934737
1,-2.60169967,-1.600839996
1,-0.45319783,-0.005817714
1,-0.675482292,0.899355676
1,-1.222926179,1.031922557
1,1.546609154,0.095132704
1,-1.41528192,-0.547627617
1,0.31839026,3.290517443
1,0.846436286,0.736685531
1,0.178190188,1.420575305
1,-0.875255477,-0.337680641
1,0.941165807,-0.037957627
1,0.170588082,0.448607098
1,-1.063497906,1.676522312
1,-1.388049048,-0.311474545
1,2.086717434,0.853615667
1,-0.678503145,-2.094814634
1,-1.855571654,-0.507254434
0,0.533259363,-1.292009077
1,0.310230256,1.113362717
1,-1.353834336,-0.164453088
1,-1.942956414,-0.390374082
1,-0.116302517,1.369099846
0,1.139396292,1.116272858
1,0.636124035,-0.898021203
1,-0.492937424,0.427866488
0,-0.834188232,-1.228444569
0,0.271066757,-0.475615024
1,0.157353347,1.616577637
1,0.629711747,1.450127951
0,-0.39579795,1.109018755
1,0.899354053,-0.570903886
0,-0.830811527,-1.88143147
1,-0.3305447,-1.175698184
0,0.740814524,0.952556525
0,0.989971609,-0.290567886
1,-1.938504701,-2.162608146
1,0.107190407,-0.180187488
1,0.608779012,1.410239221
1,-1.450824313,0.643468641
1,0.4806256,-0.821258544
0,-0.82817427,-1.545916652
1,1.020253012,-0.826547226
1,0.538482032,0.034527671
1,0.769052295,0.888073701
1,0.120719329,-1.939940155
1,0.863648434,1.023201755
1,1.380514528,0.005457727
1,1.966248015,0.56977897
1,-0.028395055,-1.653255563
1,-2.24905109,-0.66665438
1,0.031526005,-0.448234189
1,0.205561208,1.043891348
1,-0.155345347,1.028174047
1,0.568288621,0.435090459
1,1.010677965,1.604212182
1,-0.51798243,-0.5154112
1,-0.294095327,1.012537194
1,0.397842209,-0.03594003
0,-0.550223741,-0.667342096
1,0.091267383,0.923380038
1,-1.961707599,1.381100331
1,-1.119899721,0.878250416
1,-1.327755476,-0.509403455
1,-0.853623697,-0.469787634
1,-0.693304528,1.377675847
1,0.382305143,0.352826406
1,0.982113003,0.829573979
1,-0.727383529,-0.338701984
1,-0.996838982,1.261034936
1,-1.041688859,-0.808755145
1,-0.414588726,0.625351521
1,-0.239029068,-0.817174966
0,0.483617534,-2.462575017
1,-0.321324842,-1.342957511
1,-2.078489269,0.136295199
1,-0.091434276,0.88292275
0,1.187186811,-1.751302083
0,1.191601269,-1.251424469
1,-0.788963218,1.764545997
1,-1.547776544,-0.43389935
0,2.458060492,0.505700132
0,-0.162421942,-0.526935321
0,-0.09745125,-0.298582885
1,0.420574189,0.087244207
1,-1.614039457,0.010961843
1,-0.728219111,-0.192560211
1,-1.540442405,-0.469796485
0,-0.693094614,-3.04786089
1,0.118849433,1.8686555
1,-1.364709458,1.790424208
1,0.589982679,-1.101081742
1,0.289344029,-0.168107522
1,-0.904215026,1.375275305
1,0.226324942,0.998290023
1,0.748081162,1.276601619
1,1.061095253,-1.071746918
1,-0.212848279,2.577268096
0,-0.093636794,-1.13345996
1,-0.086714135,0.753916342
1,1.441461756,0.14127598
1,1.125071892,-0.403710318
1,0.834401568,-0.379415798
0,-0.2873408,-0.991396813
1,0.373241434,1.622659796
0,0.403290331,0.089513228
0,-1.041673294,0.259217949
1,-1.728304515,0.209632833
1,0.641830028,-0.375170753
1,-1.529310531,-1.134021245
0,0.001683688,0.25372631
1,0.250247821,-2.09363945
1,0.56386739,-1.418566943
0,0.189426238,-1.076396695
1,-0.732853806,-1.078678863
1,0.98636586,0.107188817
1,1.738633767,1.598487548
1,0.881178809,-1.515324144
1,-1.943650901,0.433676021
1,1.399576185,0.899544753
0,-0.056055946,-0.989532202
1,0.524914279,-0.052799402
1,0.622033236,0.823610903
1,-0.096686073,-0.255509103
1,-0.075263198,-0.220684347
0,1.019157069,0.307726791
0,0.711601922,-0.060013253
0,0.990262246,-0.55565289
1,2.382926695,-0.138615019
1,0.664415864,1.882839792
1,0.207381157,0.87366868
1,-2.210633111,-0.914597073
0,2.691714003,-1.244917622
1,-0.482676822,-0.359982241
1,2.374734715,1.328774701
1,0.374643568,0.292679118
0,1.538430199,-0.701505237
1,-0.109710321,0.882234568
1,0.511470755,-0.133370389
1,0.21395798,-1.120678499
1,-0.186120699,0.461192454
0,-0.120393825,1.52414281
1,1.012834336,0.434468298
1,-0.201458147,0.192000371
1,-2.037682494,-0.656243128
1,-0.195889249,0.568398531
0,0.539790606,-1.070570535
1,0.616455716,-1.653149024
1,0.616567817,-0.043352768
1,-1.692101521,-0.034593506
1,0.368742058,2.365055532
0,0.96785921,-1.216347308
1,1.276578681,0.170906323
1,-0.224961271,0.805053094
1,-0.321892586,1.050592844
1,1.487837832,-0.010724485
1,-1.667928046,-0.743256141
1,-0.436829977,-0.065784052
1,0.457462079,1.939755992
1,-1.617773765,0.482739008
1,0.279627862,-2.044477073
1,1.877864021,1.423459129
1,-0.004060653,0.540502661
1,-0.278454025,-0.033571772
1,0.474911714,-0.017863621
1,-0.279072171,-0.14978972
1,0.813400374,0.256559481
1,0.904435464,-0.503866933
0,0.002691661,0.277011252
1,-1.176692158,-0.931356025
1,-1.318220727,0.200146875
1,-0.592997366,1.106837421
0,0.797380501,0.509206114
1,-1.958205175,1.033749676
1,-1.886325159,-1.090868762
1,-0.653779825,0.054792784
1,0.394394848,0.617250303
1,-0.913566048,-1.068004868
1,0.886749037,1.565814337
1,0.33336997,-1.034808011
1,-0.170639618,0.164518709
1,0.818828137,0.15183233
1,0.388365163,0.121670302
1,-0.445935027,-0.210424584
1,0.231114934,0.449936787
1,0.647513358,-1.031164492
1,0.356283345,-1.289364188
1,-0.658010208,-0.654568638
1,0.855202205,-0.057324104
0,1.152936226,1.25674782
1,0.276274557,1.58745414
1,0.144104662,0.319481463
1,-0.075625081,0.381591623
0,2.161415846,-0.243644884
1,0.276315532,0.048053084
1,-0.158294029,-1.404545861
1,-2.507917802,0.289933729
1,-1.565281765,-0.535553582
1,-0.077673201,0.334678773
1,0.206294045,-0.345981339
0,0.276872459,-0.661615735
1,0.82150678,-0.219111377
1,-0.194152409,-0.366904911
1,1.214588794,1.094578208
1,-0.921516043,0.209208082
1,-1.20844272,0.432491426
1,-1.228986178,-1.240853586
1,0.742297024,1.49682171
1,-0.082919942,0.159370441
1,0.789817922,-0.856281403
1,-0.267706422,0.309046645
1,-0.591892102,0.87043403
1,-0.368352575,-1.383677138
1,-1.852616824,1.69010697
1,-1.16961526,-0.158030705
1,-1.442034646,1.121170781
1,1.054322272,0.072261319
1,-0.597330091,-0.332422845
0,0.789459853,-1.834920047
0,1.516490602,-1.100172219
1,-0.191774809,-0.0413403
1,0.283878906,0.827852545
0,-1.751067519,-1.881678654
1,-0.818669778,1.375441112
1,0.056214849,1.398990464
0,0.299086903,-1.143316256
1,-0.759398117,0.472300562
0,2.684858999,-1.033639213
1,-0.458390139,-0.125199979
1,0.064243557,0.928662739
1,0.649791867,0.868339648
1,-0.026018635,-0.849174604
1,-0.643567387,-0.386636454
0,1.045305664,-0.976163571
1,1.615545323,0.33954366
0,-0.029693971,-1.559075164
1,0.562267345,-2.629325442
1,-0.097412499,1.469812282
1,1.016455218,2.273472913
1,-1.156167394,-0.45503354
1,2.320860224,0.761102487
1,-0.603531248,-0.007502784
1,-1.458849414,1.4743138
1,-0.350917827,0.554143933
0,0.146708484,0.203663965
0,1.623621208,-1.799136452
1,0.911209677,1.082955681
1,0.142458432,-0.350853615
1,-1.389483524,-1.403490085
1,-0.866037745,-0.201796665
1,-0.163284932,-0.12677816
1,2.553026113,1.059206873
1,-1.860227574,-1.167396032
1,1.131054652,-0.557643627
1,-0.527234257,1.488119928
1,1.6659909,1.358665769
1,-1.13920064,1.163214544
1,0.143623235,1.661523945
1,-1.099550942,0.20403098
1,0.903516426,-0.581883687
1,1.483779489,0.555204062
1,1.950721006,1.058723126
1,0.797600658,2.413633271
1,1.843266255,-1.964982333
0,1.246423909,0.273235703
1,-0.131874912,0.654794583
1,0.477037238,-0.054598655
1,-0.971994211,-1.557822248
1,-0.185202169,0.741500892
1,1.220963708,-0.779085741
1,0.541284143,0.505861499
1,0.457357332,0.907551706
1,-1.03813104,1.28395701
1,-0.60451323,-1.557863797
1,-0.764606014,1.081741848
0,0.39529587,-0.756981357
0,-0.99050763,-1.289019474
1,0.56204139,1.314320666
1,-1.116416412,1.146259973
0,1.828530458,-0.242583268
1,0.460591349,0.759540706
0,-0.701003612,-0.860325741
1,0.241045933,-0.151031579
1,-0.352453199,-0.093723234
1,0.37114796,-0.280740055
1,0.243532719,0.734098736
1,-1.014114173,1.537327535
1,-0.791313879,-0.455771063
1,0.299593685,-0.032658452
1,1.639051909,1.636757349
0,1.084617009,-0.329041971
0,-0.624567474,-2.604038171
1,0.825922902,0.513983786
1,-0.048568353,-0.886468011
1,0.301313652,-0.998538406
1,0.260361491,1.420816814
1,2.575449764,2.447998007
1,-1.185288811,-1.039782541
1,0.100919859,1.031025182
1,-1.779977288,-0.094147838
1,0.589835923,0.141807459
1,1.096608472,1.222236701
1,1.445662241,0.213674518
1,-1.925145252,-0.851365354
1,0.412769497,-0.470408875
1,1.593369951,0.686135255
0,-0.414015863,-2.335947332
1,-0.212150532,1.095244382
0,-0.036537222,-1.567150099
1,0.365018751,0.021931063
0,0.665159876,-0.190358978
1,1.317820884,1.293069486
1,-0.09548759,0.188849315
1,0.196278045,0.101939135
1,2.487997877,0.698135809
1,0.431098928,-0.827014556
1,0.188753109,-0.195898856
1,-1.342243125,1.177584414
1,0.002856048,0.683473621
1,-0.221326153,-1.275496707
1,-0.01104583,0.637956367
1,-0.575417641,-1.377589625
1,-0.686815652,-0.598310804
1,-0.720773632,1.210920384
1,-0.214504515,-2.251045175
0,1.368132648,-1.779014191
1,1.049086627,1.301372673
1,-0.359975118,-0.814792784
1,-1.685916455,1.243707019
1,-0.844583429,-0.168250201
1,-0.457760533,0.427775678
1,0.103638004,0.81327889
0,-0.662607276,-0.651211869
0,2.006680691,-0.304590923
0,-0.272267534,-0.41509717
1,-1.21394447,2.816084276
1,-0.141261757,0.126147069
1,-1.005377582,0.472800423
1,0.156155707,-0.340753541
1,0.233633614,-0.241790643
1,0.355587612,1.378754669
1,-1.621858259,-0.33888367
1,0.220711291,0.020136303
1,0.310450081,0.376962164
0,-1.421108448,-0.431723745
1,0.95536564,1.959064156
1,0.784170879,-1.428459612
0,2.299619361,2.01129298
1,0.156702987,-0.351591889
1,0.046733528,1.357119647
0,0.096585834,-1.999177411
1,0.069766231,0.956080621
1,-1.848472775,0.876431265
1,-1.671127059,-1.271216972
0,-0.077538967,-0.768323878
1,-0.581067381,0.193524845
1,0.054736525,1.143835429
1,-2.111208373,-0.765999304
1,-1.498698255,-0.224125999
1,-1.101483439,1.571346935
1,0.986058221,-1.127347241
1,-1.098490007,0.947793981
1,-0.799513954,0.448768189
1,0.079873819,-1.105814529
1,-0.322746362,-0.667867842
1,0.146417179,0.78327751
1,2.305061982,0.248959433
1,-1.124603671,1.425098277
1,-0.30546964,-0.601783962
1,-0.51675945,-1.714487696
0,1.512395427,1.047826926
1,-0.769484923,-0.608621618
1,-0.082086904,0.120340527
1,0.787133614,1.719041814
1,-1.058590536,-0.250414052
0,1.655175816,1.549555327
0,0.675762415,-1.09713965
1,-1.07420661,0.925511236
1,0.454577809,0.246799212
1,-0.213307143,-0.736771539
1,0.313228772,-1.280008939
1,-0.089975197,0.076643664
0,1.070516037,0.255164762
1,-1.351100386,0.277446817
1,-0.522616697,0.536856022
0,-0.249190678,-0.460485566
1,-0.995798725,-0.511603722
0,-1.039955044,0.236937879
0,-0.017980241,-0.541589172
0,-0.132175133,1.219227647
1,-2.549342775,0.174135875
1,1.040573456,-0.615268316
1,0.249725736,-1.806892964
0,2.416207373,-0.643681106
0,0.685198238,2.046018852
0,-0.446959309,-0.560762421
0,2.797391147,-0.835999306
0,2.832226024,0.652947503
